id,name,category_name,sku,budget_price
268c3950-47a3-468f-a575-01fa409dd894,Casework_Break_Room_LAM_10_03,Model Groups/Modular Casework/Laminate/Break Room,SSG-BR10-3-L,"11,214.68"
322e2b22-2883-4894-b5bb-03eb1dc3680b,Casework_Exam_Room_LAM_07_01,Model Groups/Modular Casework/Laminate/Exam Room,SSG-EX07-1-L,"9,427.80"
7ea74fab-e5ba-4264-ac66-069fe24a2a0c,Casework_Mail_Room_LAM_08_01,Model Groups/Modular Casework/Laminate/Mail Room,SSG-MR08-1-L,"10,092.68"
060c5a44-8f1e-45e1-a8f9-06c48f4aab16,SSG_Casework_Lab_LAM_05_01,Model Groups/Modular Casework/Laminate/Lab,,"5,855.69"
e9d4f31b-4aaa-41d8-a615-070e2e5fdaf7,Casework_Exam_Room_LAM_09_01,Model Groups/Modular Casework/Laminate/Exam Room,SSG-EX09-1-L,"9,795.21"
da80ccc9-89dc-413b-8e46-07dc2ee75254,Casework_Break_Room_LAM_07_02,Model Groups/Modular Casework/Laminate/Break Room,SSG-BR07-2-L,"7,204.53"
5f20ec0c-97b0-442c-90f4-09995da210b8,Casework_Copy_Room_LAM_09_01,Model Groups/Modular Casework/Laminate/Copy Fax Room,SSG-CR09-1-L,0.00
3f40438f-2844-4bac-bc8e-09e1059835ce,Casework_Mail_Room_LAM_08_04,Model Groups/Modular Casework/Laminate/Mail Room,SSG-MR08-4-L,"7,092.80"
8e84ba4d-ed2b-4a90-9436-0bfa6f1064d4,Casework_Pharmacy_LAM_06_01,Model Groups/Modular Casework/Laminate/Pharmacy,SSG-PH06-1-L,"8,492.95"
3fd26bc2-2bc5-4808-9e65-0df2d4f22627,SSG_Casework_Lab_LAM_08_02,Model Groups/Modular Casework/Laminate/Lab,SSG-LB08-2-L,"11,408.98"
f4a19dc9-6a9c-43af-8c8f-0e188a97ffdc,Casework_Mail_Room_LAM_10_02,Model Groups/Modular Casework/Laminate/Mail Room,SSG-MR10-2-L,"4,440.01"
c635cb47-564f-496f-9164-0f3b35cadef3,Casework_Exam_Room_LAM_09_07,Model Groups/Modular Casework/Laminate/Exam Room,SSG-EX09-7-L,"7,757.70"
df11b8bd-ab20-431f-bd0d-101c2afbe434,Casework_Pharmacy_LAM_09_07,Model Groups/Modular Casework/Laminate/Pharmacy,SSG-PH09-7-L,8092.39
5919a313-ef75-4367-ad05-10c155a212c7,Casework_Mail_Room_LAM_09_07,Model Groups/Modular Casework/Laminate/Mail Room,SSG-MR09-7-L,"11,077.30"
3e1c26ef-086f-4a05-ada7-10c93cd5b343,Casework_General_LAM_05_02,Model Groups/Modular Casework/Laminate/General,SSG-GN05-2-L,
3effd942-f06e-43a8-aabf-1200145d973b,Casework_Mail_Room_LAM_10_04,Model Groups/Modular Casework/Laminate/Mail Room,SSG-MR10-4-L,"7,728.14"
577a7969-f743-4dc6-bf24-1305dc5529fa,Casework_Break_Room_LAM_07_06,Model Groups/Modular Casework/Laminate/Break Room,SSG-BR07-6-L,"6,418.28"
b6cc1bdd-c053-4e43-a39d-156adc2099e9,Casework_Break_Room_LAM_08_06,Model Groups/Modular Casework/Laminate/Break Room,SSG-BR08-6-L,"7,163.84"
f73063d5-311d-466b-858e-175028295fa9,Casework_Pharmacy_LAM_10_04,Model Groups/Modular Casework/Laminate/Pharmacy,SSG-PH10-4-L,"17,152.53"
e387ebb2-1e3c-45fe-a533-1871b3241f0d,Casework_Pharmacy_LAM_09_01,Model Groups/Modular Casework/Laminate/Pharmacy,SSG-PH09-1-L,"11,945.79"
49684e3c-7521-487c-908d-1b3cab62de8e,Casework_Pharmacy_LAM_08_01,Model Groups/Modular Casework/Laminate/Pharmacy,SSG-PH08-1-L,"10,868.92"
11bf6d53-2f44-4330-8750-1b8163d05f11,Casework_Pharmacy_LAM_07_06,Model Groups/Modular Casework/Laminate/Pharmacy,SSG-PH07-6-L,"7,588.74"
4af9d8ad-fff1-45a3-aaea-1cefc7c7ab25,Casework_Exam_Room_LAM_08_05,Model Groups/Modular Casework/Laminate/Exam Room,SSG-EX08-5-L,"9,800.02"
e7f513f6-610b-4675-9baf-1e22f74f824b,Casework_Mail_Room_LAM_07_01,Model Groups/Modular Casework/Laminate/Mail Room,SSG-MR07-1-L,"7,200.70"
adaefe9e-56ef-4570-b538-1ec46b69897b,Casework_Break_Room_LAM_09_06,Model Groups/Modular Casework/Laminate/Break Room,SSG-BR09-6-L,"9,544.13"
ab303cef-4e00-4a9a-83d9-1f3e80b0eb03,Casework_Mail_Room_LAM_05_01,Model Groups/Modular Casework/Laminate/Mail Room,SSG-MR05-1-L,"4,611.10"
a4183e9b-6042-4ed2-8d0f-212334b66908,Casework_Break_Room_LAM_06_02,Model Groups/Modular Casework/Laminate/Break Room,SSG-BR06-2-L,"6,502.26"
670cd65f-f2a8-4877-b07a-2a98377c70a4,SSG_Casework_Lab_LAM_08_03,Model Groups/Modular Casework/Laminate/Lab,SSG-LB08-3-L,"12,801.19"
11ceb898-6dfa-4995-b567-2a9b71659f24,SSG_Casework_Lab_LAM_09_05,Model Groups/Modular Casework/Laminate/Lab,SSG-LB09-5-L,"19,242.94"
230b9d9c-d117-4800-8c2f-2b509e5dfb05,Casework_Exam_Room_LAM_07_05,Model Groups/Modular Casework/Laminate/Exam Room,SSG-EX07-5-L,"7,579.72"
0feb5481-cf7f-4af4-8627-31e3b34ddd92,Casework_Mail_Room_LAM_10_01,Model Groups/Modular Casework/Laminate/Mail Room,SSG-MR10-1-L,"9,765.60"
8bfa3331-6dca-48aa-b87e-36e42b50296f,Casework_Pharmacy_LAM_07_01,Model Groups/Modular Casework/Laminate/Pharmacy,SSG-PH07-1-L,"8,793.49"
a650fe93-5540-40a6-988a-3bf810d2998b,Casework_Break_Room_LAM_09_05,Model Groups/Modular Casework/Laminate/Break Room,SSG-BR09-5-L,"8,230.04"
a59b1c85-28b1-4611-a5f8-3e6ed47256a1,Casework_Pharmacy_LAM_Corner_01,Model Groups/Modular Casework/Laminate/Pharmacy,SSG-PH05-1-L,"6,400.21"
40fb132a-e1da-4cc2-a334-3fa3f590daeb,SSG_Casework_Lab_LAM_07_04,Model Groups/Modular Casework/Laminate/Lab,SSG-LB07-4-L,"24,923.46"
8151988e-d430-4fe6-bbd3-40a1bbb2f407,Casework_Exam_Room_LAM_07_04,Model Groups/Modular Casework/Laminate/Exam Room,SSG-EX07-4-L,"8,586.93"
9277f8d1-0e36-43d8-8ac4-4151ed58270b,Casework_Exam_Room_LAM_09_09,Model Groups/Modular Casework/Laminate/Exam Room,SSG-EX09-9-L,"8,082.37"
357deacb-2503-4727-9c27-41d3862fd816,Casework_Pharmacy_LAM_09_03,Model Groups/Modular Casework/Laminate/Pharmacy,SSG-PH09-3-L,"12,251.71"
47795324-5508-45ba-8f53-4484fea7dcdf,Casework_Mail_Room_LAM_07_03,Model Groups/Modular Casework/Laminate/Mail Room,SSG-MR07-3-L,"10,693.74"
0578240a-2365-446b-96ab-45b90da46141,Casework_Exam_Room_LAM_08_04,Model Groups/Modular Casework/Laminate/Exam Room,SSG-EX08-4-L,"8,895.26"
85b96fb9-687a-40e5-8a98-47017d10a975,Casework_Break_Room_LAM_05_01,Model Groups/Modular Casework/Laminate/Break Room,SSG-BR05-1-L,"6,891.95"
16ea7bd5-05f0-477a-8368-4772f19b35c5,Casework_Mail_Room_LAM_06_02,Model Groups/Modular Casework/Laminate/Mail Room,SSG-MR06-2-L,"5,006.95"
bbe72d5b-a3d1-4ca9-a900-4efa114d36bb,Casework_Mail_Room_LAM_08_06,Model Groups/Modular Casework/Laminate/Mail Room,SSG-MR08-6-L,"11,746.80"
a775a476-56c9-44a6-b975-504d32df0cbf,SSG_Casework_Lab_LAM_08_05,Model Groups/Modular Casework/Laminate/Lab,SSG-LB08-5-L,"15,213.04"
3253ed1a-aaca-443b-b525-51268886fc11,Casework_Break_Room_LAM_10_04,Model Groups/Modular Casework/Laminate/Break Room,SSG-BR10-4-L,"10,228.11"
f3606635-34fd-4af6-b156-527cfa3b170e,Casework_Break_Room_LAM_09_09,Model Groups/Modular Casework/Laminate/Break Room,SSG-BR09-9-L,"8,779.82"
b71d4ce6-4ed8-492b-ac7e-52db9342504d,Casework_General_LAM_05_04,Model Groups/Modular Casework/Laminate/General,SSG-GN05-4-L,
5e0c50ab-53ab-4b00-83cd-537a2f916db6,Casework_Break_Room_LAM_09_08,Model Groups/Modular Casework/Laminate/Break Room,SSG-BR09-8-L,"8,489.30"
f54f7fc9-cd40-44f2-9879-537f1a2bda2a,SSG_Casework_Lab_LAM_10_03,Model Groups/Modular Casework/Laminate/Lab,SSG-LB10-3-L,"18,541.47"
fb887610-d6f7-48a8-9708-58e6464c257c,SSG_Casework_Lab_LAM_06_01,Model Groups/Modular Casework/Laminate/Lab,SSG-LB06-1-L,"7,298.69"
566ce6e7-ff98-4875-8c73-5951bfef752f,SSG_Casework_Lab_LAM_05_06,Model Groups/Modular Casework/Laminate/Lab,SSG-LB05-6-L,"6,774.59"
e0811a0a-0f82-4d05-bedd-60125c3f5789,Casework_Mail_Room_LAM_05_02,Model Groups/Modular Casework/Laminate/Mail Room,SSG-MR05-2-L,"5,422.59"
52be9db1-3705-4813-ab36-606a30e8efd7,SSG_Casework_Lab_LAM_09_01,Model Groups/Modular Casework/Laminate/Lab,SSG-LB09-1-L,"5,021.64"
15cc4ce0-4114-4a13-85ea-620c5b288538,Casework_Break_Room_LAM_09_01,Model Groups/Modular Casework/Laminate/Break Room,SSG-BR09-1-L,"9,532.46"
6b7bd270-d4eb-4dae-a717-62690d206549,Casework_Pharmacy_LAM_05_02,Model Groups/Modular Casework/Laminate/Pharmacy,SSG-PH05-2-L,"7,746.53"
323b836b-771b-4a2a-9177-631a661e5edc,SSG_Casework_Lab_LAM_10_01,Model Groups/Modular Casework/Laminate/Lab,SSG-LB10-1-L,"15,528.12"
9e71d72a-cc6a-4839-8e5a-63d512dfd9ee,Casework_Break_Room_LAM_07_03,Model Groups/Modular Casework/Laminate/Break Room,SSG-BR07-3-L,"7,875.26"
62ef07b6-823f-4822-9c75-6481e08ceba3,Casework_Exam_Room_LAM_09_06,Model Groups/Modular Casework/Laminate/Exam Room,SSG-EX09-6-L,"9,179.05"
9bc9f7af-c3cc-4a5f-ae7a-693f3989116d,SSG_Casework_Lab_LAM_08_04,Model Groups/Modular Casework/Laminate/Lab,SSG-LB08-4-L,"13,055.16"
d3f65337-3c20-43df-9c05-6e0a1e91eb78,Casework_General_LAM_05_01,Model Groups/Modular Casework/Laminate/General,SSG-GN05-1-L,
5545e3ca-3607-4c08-8fb8-6e57a3948142,Casework_Exam_Room_LAM_05_01,Model Groups/Modular Casework/Laminate/Exam Room,SSG-EX05-1-L,"6,644.14"
935f5474-99d0-495e-8ba3-6ef7b696127a,SSG_Casework_Lab_LAM_08_06,Model Groups/Modular Casework/Laminate/Lab,SSG-LB08-6-L,"20,460.87"
ed31f414-d5a3-4d52-a8bf-6fed9db12659,Casework_Exam_Room_LAM_07_02,Model Groups/Modular Casework/Laminate/Exam Room,SSG-EX07-2-L,"6,646.09"
c19a421e-77a9-43e7-8a30-72a3066c21be,Casework_Break_Room_LAM_09_10,Model Groups/Modular Casework/Laminate/Break Room,SSG-BR09-10-L,"7,509.70"
c64d41b6-0ec0-4e25-aec8-7523f75f0404,Casework_Exam_Room_LAM_10_03,Model Groups/Modular Casework/Laminate/Exam Room,SSG-EX10-3-L,"9,494.60"
f3bd1573-67f0-461a-8cee-75f59879e2a6,SSG_Casework_Lab_LAM_06_04,Model Groups/Modular Casework/Laminate/Lab,SSG-LB06-4-L,"13,299.06"
4913ad40-18c2-48b0-aa9d-769d02725a2c,Casework_Pharmacy_LAM_06_02,Model Groups/Modular Casework/Laminate/Pharmacy,SSG-PH06-2-L,"6,798.87"
6635896c-f688-48df-8585-776678e40157,Casework_General_LAM_Corner_01,Model Groups/Modular Casework/Laminate/General,SSG-GNCN-1-L,
c70ab1cb-968f-4792-8959-7894c35ea9fc,Casework_Exam_Room_LAM_10_02,Model Groups/Modular Casework/Laminate/Exam Room,SSG-EX10-2-L,"8,586.95"
567cc259-faa3-4712-8493-79f0d46656c1,Casework_Copy_Room_LAM_08_01,Model Groups/Modular Casework/Laminate/Copy Fax Room,SSG-CR08-1-L,0.00
0bbfafe9-42c0-446f-8287-7b53b739b4b2,Casework_Pharmacy_LAM_09_09,Model Groups/Modular Casework/Laminate/Pharmacy,SSG-PH09-9-L,"10,667.29"
a63e2a58-55db-42c7-a7fd-7be9aa838b0b,Casework_Exam_Room_LAM_09_04,Model Groups/Modular Casework/Laminate/Exam Room,SSG-EX09-4-L,"11,119.89"
1b82aa27-625c-4ef1-a855-7e03f5d594a4,Casework_Pharmacy_LAM_05_01,Model Groups/Modular Casework/Laminate/Pharmacy,SSG-PH05-1-L,"6,400.21"
82243a58-1eb1-4e03-bcb2-7e58b3157662,Casework_Break_Room_LAM_10_01,Model Groups/Modular Casework/Laminate/Break Room,SSG-BR10-1-L,"10,886.34"
25d07f78-93d6-44c8-a1b6-7f84c77c5b1d,Casework_Mail_Room_LAM_Corner_02,Model Groups/Modular Casework/Laminate/Mail Room,SSG-MR05-1-L,
95ce68d8-25cc-4751-b2f6-7faf8c5daf05,SSG_Casework_Lab_LAM_10_04,Model Groups/Modular Casework/Laminate/Lab,SSG-LB10-4-L,"20,197.75"
e75f53d3-8290-4ffd-ac8d-826846724a55,Casework_Pharmacy_LAM_10_01,Model Groups/Modular Casework/Laminate/Pharmacy,SSG-PH10-1-L,"12,038.53"
8f3b9c1b-18d6-43e3-878a-82872eb803f0,Casework_Mail_Room_LAM_09_01,Model Groups/Modular Casework/Laminate/Mail Room,SSG-MR09-1-L,"8,271.90"
e6132c33-ff09-4c77-9c35-838fc95b37c4,Casework_Exam_Room_LAM_09_10,Model Groups/Modular Casework/Laminate/Exam Room,SSG-EX09-10-L,"9,486.41"
b99ce4da-db52-47ee-a364-846bbab75ba4,SSG_Casework_Lab_LAM_07_01,Model Groups/Modular Casework/Laminate/Lab,SSG-LB07-1-L,"9,243.86"
78388c4c-6666-4471-a969-8574395d058e,SSG_Casework_Lab_LAM_06_06,Model Groups/Modular Casework/Laminate/Lab,SSG-LB06-6-L,"10,080.56"
1b0bb01d-8302-4fb5-845d-858dd94f0745,Casework_Mail_Room_LAM_08_02,Model Groups/Modular Casework/Laminate/Mail Room,SSG-MR08-2-L,"4,587.83"
6d82f1c6-8606-41c9-8eb6-858fcc4f8428,Casework_Exam_Room_LAM_06_02,Model Groups/Modular Casework/Laminate/Exam Room,SSG-EX06-2-L,"6,366.62"
113ff174-cb6d-49c1-9c03-8e26bf2cb96d,Casework_Mail_Room_LAM_09_02,Model Groups/Modular Casework/Laminate/Mail Room,SSG-MR09-2-L,"5,522.73"
9b07f9d7-3860-4795-a18d-93ebe6950f42,SSG_Casework_Lab_LAM_10_06,Model Groups/Modular Casework/Laminate/Lab,SSG-LB10-6-L,"24,962.54"
c0147fa4-37b4-4458-a019-9474a25e9fdc,Casework_Exam_Room_LAM_07_03,Model Groups/Modular Casework/Laminate/Exam Room,SSG-EX07-3-L,"9,169.90"
1b282b78-93c6-4882-a485-960fdd51e1f2,Casework_Mail_Room_LAM_07_02,Model Groups/Modular Casework/Laminate/Mail Room,SSG-MR07-2-L,"4,579.84"
3bf4e84e-38cc-4e41-8981-9a75978dfc9f,Casework_Mail_Room_LAM_07_05,Model Groups/Modular Casework/Laminate/Mail Room,SSG-MR07-5-L,"3,959.80"
5ff1fed9-3234-40c9-a266-9b047b273dcd,Casework_Pharmacy_LAM_10_03,Model Groups/Modular Casework/Laminate/Pharmacy,SSG-PH10-3-L,"9,370.43"
e1820ca7-28e8-45ab-b23f-9be007eeb3a0,Casework_Exam_Room_LAM_08_02,Model Groups/Modular Casework/Laminate/Exam Room,SSG-EX08-2-L,"8,899.59"
a64ab1c7-4a0e-4c01-bb41-9dc9dd49b001,SSG_Casework_Lab_LAM_09_06,Model Groups/Modular Casework/Laminate/Lab,SSG-LB09-6-L,"18,929.24"
40dfe243-1d7c-46b7-b6e7-9eda3554868e,SSG_Casework_Lab_LAM_06_02,Model Groups/Modular Casework/Laminate/Lab,SSG-LB06-2-L,"10,990.75"
59c988cc-24df-48f3-a393-9f8dd85b64c1,Casework_Mail_Room_LAM_08_03,Model Groups/Modular Casework/Laminate/Mail Room,SSG-MR08-3-L,"6,956.43"
4533abba-d672-4308-a245-a0dbbf453d32,Casework_Exam_Room_LAM_09_08,Model Groups/Modular Casework/Laminate/Exam Room,SSG-EX09-8-L,"9,813.97"
e5123de4-fd8b-41e9-9ddc-a12a3afe4d3e,Casework_Break_Room_LAM_08_05,Model Groups/Modular Casework/Laminate/Break Room,SSG-BR08-5-L,"6,547.74"
12bb9b6d-1652-4b80-8153-a218828e048a,Casework_Mail_Room_LAM_07_06,Model Groups/Modular Casework/Laminate/Mail Room,SSG-MR07-6-L,"7,368.40"
c68eb4f3-c0a4-4360-8f9b-a3aef9d8d54d,Casework_Exam_Room_LAM_07_06,Model Groups/Modular Casework/Laminate/Exam Room,SSG-EX07-6-L,"6,973.66"
5f7be53d-c902-451a-8f59-a3ce286587d0,Casework_Break_Room_LAM_05_02,Model Groups/Modular Casework/Laminate/Break Room,SSG-BR05-2-L,"5,869.25"
38374c91-0c3f-4352-887d-a6881747d495,Casework_Pharmacy_LAM_08_05,Model Groups/Modular Casework/Laminate/Pharmacy,SSG-PH08-5-L,"14,841.50"
9311c9e1-63d0-4f67-9e37-a7898f1fd464,Casework_Break_Room_LAM_09_03,Model Groups/Modular Casework/Laminate/Break Room,SSG-BR09-3-L,"10,738.81"
70de65e9-e6ca-4a18-8c07-a83929c4c6e4,SSG_Casework_Lab_LAM_08_01,Model Groups/Modular Casework/Laminate/Lab,SSG-LB08-1-L,"12,845.59"
85d89656-646e-492c-a553-a8b713226948,Casework_Mail_Room_LAM_09_06,Model Groups/Modular Casework/Laminate/Mail Room,SSG-MR09-6-L,"10,110.10"
eaa35f68-75ed-4021-ad61-aa182c435c1f,Casework_Break_Room_LAM_08_01,Model Groups/Modular Casework/Laminate/Break Room,SSG-BR08-1-L,"7,805.47"
2dc3d3bf-145d-4c37-a1fb-ac13ed4220d5,Casework_Pharmacy_LAM_09_08,Model Groups/Modular Casework/Laminate/Pharmacy,SSG-PH09-8-L,"10,667.29"
d98d087b-ed6e-4b31-86c4-ac57f3edad01,SSG_Casework_Lab_LAM_07_03,Model Groups/Modular Casework/Laminate/Lab,SSG-LB07-3-L,"15,038.35"
cddae865-6028-4171-9751-afc5936b527d,SSG_Casework_Lab_LAM_09_02,Model Groups/Modular Casework/Laminate/Lab,SSG-LB09-2-L,"18,280.68"
efed6876-c90c-4fa6-9b70-b11b997f3bd7,Casework_Pharmacy_LAM_09_10,Model Groups/Modular Casework/Laminate/Pharmacy,SSG-PH09-10-L,"18,121.83"
775022f1-65c3-4eb5-9427-b2f161a93354,Casework_Exam_Room_LAM_10_01,Model Groups/Modular Casework/Laminate/Exam Room,SSG-EX10-1-L,"9,169.93"
eb26b8e1-4769-464a-9445-b30b17b79f76,Casework_Pharmacy_LAM_09_04,Model Groups/Modular Casework/Laminate/Pharmacy,SSG-PH09-4-L,"13,572.05"
0db15d33-efee-4482-aac3-b4236757f223,SSG_Casework_Lab_LAM_07_06,Model Groups/Modular Casework/Laminate/Lab,SSG-LB07-6-L,"6,980.86"
a18cd84e-a119-4dde-bd53-b42b04c514ca,SSG_Casework_Lab_LAM_07_02,Model Groups/Modular Casework/Laminate/Lab,SSG-LB07-2-L,"23,758.81"
23278bad-b68e-41c6-950f-b598f098d41d,Casework_Pharmacy_LAM_07_04,Model Groups/Modular Casework/Laminate/Pharmacy,SSG-PH07-4-L,"6,887.28"
5968a002-24a4-40ce-9f90-b5995d6117f5,Casework_Exam_Room_LAM_08_01,Model Groups/Modular Casework/Laminate/Exam Room,SSG-EX08-1-L,"9,482.56"
1e4fec10-d306-49fc-b896-b71147b916ab,Casework_Break_Room_LAM_06_01,Model Groups/Modular Casework/Laminate/Break Room,SSG-BR06-1-L,"7,299.19"
c4ebc007-7607-4c7a-bb86-b8d4891b26a1,Casework_Pharmacy_LAM_08_02,Model Groups/Modular Casework/Laminate/Pharmacy,SSG-PH08-2-L,"8,454.78"
1ea63000-19e7-4558-865d-b9303ad25ede,Casework_Mail_Room_LAM_09_03,Model Groups/Modular Casework/Laminate/Mail Room,SSG-MR09-3-L,"12,788.83"
f4a69abf-9761-488b-8ccd-b9dbd02aaac5,Casework_Break_Room_LAM_10_02,Model Groups/Modular Casework/Laminate/Break Room,SSG-BR10-2-L,"8,337.03"
1a992d6f-4ac9-4c64-93c4-bacc330b800b,Casework_Exam_Room_LAM_08_03,Model Groups/Modular Casework/Laminate/Exam Room,SSG-EX08-3-L,"9,478.24"
b82878b6-7ebb-4ce0-b1e0-bb43375f64ca,Casework_Break_Room_LAM_07_01,Model Groups/Modular Casework/Laminate/Break Room,SSG-BR07-1-L,"7,299.50"
1d91de19-46b4-42a3-8c74-bb6f1ab0b21c,Casework_Mail_Room_LAM_09_05,Model Groups/Modular Casework/Laminate/Mail Room,SSG-MR09-5-L,"8,450.00"
c3aeaa75-fb26-4a6f-b857-bdd16935ec19,Casework_Mail_Room_LAM_Corner_01,Model Groups/Modular Casework/Laminate/Mail Room,,
922ad0b7-9946-48fd-8012-c029c7743ae4,Casework_Exam_Room_LAM_09_03,Model Groups/Modular Casework/Laminate/Exam Room,SSG-EX09-3-L,"11,702.86"
0c1d5a5b-b790-4c37-89c8-c22481403d6b,Casework_Exam_Room_LAM_06_01,Model Groups/Modular Casework/Laminate/Exam Room,SSG-EX06-1-L,"6,949.59"
11f311c2-004f-488c-8130-c4c9d675e68b,SSG_Casework_Lab_LAM_09_04,Model Groups/Modular Casework/Laminate/Lab,SSG-LB09-4-L,"19,572.81"
757d80aa-5c54-41e2-aa2b-c52fc534b9b3,Casework_Mail_Room_LAM_07_04,Model Groups/Modular Casework/Laminate/Mail Room,SSG-MR07-4-L,"8,671.00"
3be0d2cb-eb5c-4720-9753-c5b20ff1c1e2,Casework_Exam_Room_LAM_09_02,Model Groups/Modular Casework/Laminate/Exam Room,SSG-EX09-2-L,"9,212.24"
f99598b4-ae7e-4196-ba70-c83a8c50bbd0,Casework_Mail_Room_LAM_08_05,Model Groups/Modular Casework/Laminate/Mail Room,SSG-MR08-5-L,"7,086.30"
a4ca2516-6100-4eed-a835-c8b01b21d259,Casework_Mail_Room_LAM_09_04,Model Groups/Modular Casework/Laminate/Mail Room,SSG-MR09-4-L,"13,018.20"
b3799c03-5411-4e3a-ac89-c8ccfa8b0430,Casework_Pharmacy_LAM_09_06,Model Groups/Modular Casework/Laminate/Pharmacy,SSG-PH09-6-L,"11,771.19"
387fe3f0-73a4-41c6-9874-c9a753f759fb,Casework_Pharmacy_LAM_07_07,Model Groups/Modular Casework/Laminate/Pharmacy,SSG-PH07-7-L,"9,463.19"
9795f45b-7c48-41fe-a880-cb8f79fc41a7,Casework_General_LAM_05_03,Model Groups/Modular Casework/Laminate/General,SSG-GN05-3-L,
073b9ff5-540f-4530-bcff-cc72261bc4d8,Casework_Break_Room_LAM_09_04,Model Groups/Modular Casework/Laminate/Break Room,SSG-BR09-4-L,"9,430.14"
04899a5a-9964-4162-8d76-cf77c6ff6ea8,Casework_Break_Room_LAM_08_04,Model Groups/Modular Casework/Laminate/Break Room,SSG-BR08-4-L,"7,281.99"
ece389fb-306f-4cc2-af02-d0c32b92ff4e,Casework_Exam_Room_LAM_05_02,Model Groups/Modular Casework/Laminate/Exam Room,SSG-EX05-2-L,"6,053.96"
504cb48e-05b2-4c37-b37e-d115af971ce1,SSG_Casework_Lab_LAM_07_05,Model Groups/Modular Casework/Laminate/Lab,SSG-LB07-5-L,"11,567.73"
3d9d83ae-db70-4023-89ab-d180f7c0876c,SSG_Casework_Lab_LAM_09_03,Model Groups/Modular Casework/Laminate/Lab,SSG-LB09-3-L,"20,345.73"
7d401b16-0771-4acd-abfc-d2c35324f135,SSG_Casework_Lab_LAM_05_03,Model Groups/Modular Casework/Laminate/Lab,SSG-LB05-3-L,"8,233.13"
5a9e1e5a-fd3b-4faf-876a-d4de11b9d26e,Casework_Pharmacy_LAM_08_03,Model Groups/Modular Casework/Laminate/Pharmacy,SSG-PH08-3-L,"13,838.62"
2c9287d6-e392-4b0d-868c-d70d099f4891,Casework_Mail_Room_LAM_09_09,Model Groups/Modular Casework/Laminate/Mail Room,SSG-MR09-9-L,"3,653.00"
9cae13c9-ae43-489c-ac98-d7367857344d,Casework_Copy_Room_LAM_09_02,Model Groups/Modular Casework/Laminate/Copy Fax Room,SSG-CR09-2-L,0.00
3ff43d84-d4da-4bf0-9a6e-d77536f250a6,Casework_Pharmacy_LAM_09_02,Model Groups/Modular Casework/Laminate/Pharmacy,SSG-PH09-2-L,"15,491.24"
280fa1b1-f30e-42ad-97e1-d7e089e0225a,Casework_Exam_Room_LAM_08_06,Model Groups/Modular Casework/Laminate/Exam Room,SSG-EX08-6-L,"9,217.05"
d454e41e-a1af-4018-a189-d8452e02c876,SSG_Casework_Lab_LAM_06_05,Model Groups/Modular Casework/Laminate/Lab,SSG-LB06-5-L,"9,827.31"
1ab8a36d-c691-4185-813b-da2976356397,Casework_Pharmacy_LAM_08_04,Model Groups/Modular Casework/Laminate/Pharmacy,SSG-PH08-4-L,"11,548.58"
8c41c7b6-f1af-4848-9ee3-dada30034421,Casework_Break_Room_LAM_07_05,Model Groups/Modular Casework/Laminate/Break Room,SSG-BR07-5-L,"7,810.93"
33151799-1f26-49dc-8c8b-dd693fd478d8,Casework_Pharmacy_LAM_10_02,Model Groups/Modular Casework/Laminate/Pharmacy,SSG-PH10-2-L,"15,729.73"
701e9241-f01b-437a-bda1-df681c468945,Casework_Copy_Room_LAM_07_01,Model Groups/Modular Casework/Laminate/Copy Fax Room,SSG-CR07-1-L,0.00
15b62850-669e-43da-8345-e001f29c6feb,Casework_Pharmacy_LAM_07_05,Model Groups/Modular Casework/Laminate/Pharmacy,SSG-PH07-5-L,"15,685.25"
014a14a6-d90b-45f8-b9be-e16e72cf00c5,Casework_Mail_Room_LAM_09_08,Model Groups/Modular Casework/Laminate/Mail Room,SSG-MR09-8-L,"11,580.40"
411fd369-2830-4467-8dd6-e328dde0fdf1,Casework_Mail_Room_LAM_Corner_03,Model Groups/Modular Casework/Laminate/Mail Room,,
ba65bbf6-0295-4d2d-b44b-e3cae8375625,Casework_Mail_Room_LAM_10_03,Model Groups/Modular Casework/Laminate/Mail Room,SSG-MR10-3-L,"6,194.11"
2895afa6-8fff-4f26-8ac5-e4fb96f12302,Casework_Break_Room_LAM_08_02,Model Groups/Modular Casework/Laminate/Break Room,SSG-BR08-2-L,"8,877.95"
630b242b-1a3a-4f5b-84be-e524e5d06800,Casework_Pharmacy_LAM_09_05,Model Groups/Modular Casework/Laminate/Pharmacy,SSG-PH09-5-L,"12,792.83"
4f59073e-c26f-4675-9fb7-e6f2c7eb479f,SSG_Casework_Lab_LAM_06_03,Model Groups/Modular Casework/Laminate/Lab,SSG-LB06-3-L,"11,078.41"
d4cb8879-b6c2-40d0-9296-eb63092acdde,Casework_Exam_Room_LAM_10_04,Model Groups/Modular Casework/Laminate/Exam Room,SSG-EX10-4-L,"8,911.63"
52edd52e-65e3-454f-908c-ecdf31652c8d,SSG_Casework_Lab_LAM_05_04,Model Groups/Modular Casework/Laminate/Lab,SSG-LB05-4-L,"15,885.71"
9ecc57b2-5ae9-4e52-b89c-ed366a48b3da,SSG_Casework_Lab_LAM_05_05,Model Groups/Modular Casework/Laminate/Lab,SSG-LB05-5-L,"8,407.94"
4fdaefb3-0101-4a03-bc67-f1335f96bb73,Casework_Pharmacy_LAM_08_06,Model Groups/Modular Casework/Laminate/Pharmacy,SSG-PH08-6-L,"8,464.35"
3cd60d54-c754-4cb1-b50f-f1c6f0917c2b,Casework_Break_Room_LAM_08_03,Model Groups/Modular Casework/Laminate/Break Room,SSG-BR08-3-L,"8,220.46"
2598c918-34d8-40cb-9783-f1f437a8cbb9,SSG_Casework_Lab_LAM_10_05,Model Groups/Modular Casework/Laminate/Lab,SSG-LB10-5-L,"17,312.01"
2e07b159-4f59-425a-b080-f2254dbfd316,Casework_Break_Room_LAM_07_04,Model Groups/Modular Casework/Laminate/Break Room,SSG-BR07-4-L,"6,969.33"
a5e76f96-767c-4ca7-b053-f4d28540e792,Casework_Pharmacy_LAM_07_02,Model Groups/Modular Casework/Laminate/Pharmacy,SSG-PH07-2-L,"10,274.00"
2ee53d13-4ed2-40b0-ab37-f582191e0fb3,Casework_Exam_Room_LAM_09_05,Model Groups/Modular Casework/Laminate/Exam Room,SSG-EX09-5-L,"9,785.11"
d022df1e-dd67-42ec-80ac-f5f0919fb4ad,SSG_Casework_Lab_LAM_10_02,Model Groups/Modular Casework/Laminate/Lab,SSG-LB10-2-L,"18,555.49"
7aa8209e-6f21-40bd-b6f2-f6b0c27ea445,Casework_Pharmacy_LAM_07_03,Model Groups/Modular Casework/Laminate/Pharmacy,SSG-PH07-3-L,"9,301.42"
360a8cc2-4a76-495f-82c6-f73e5a6b8d64,Casework_Break_Room_LAM_09_02,Model Groups/Modular Casework/Laminate/Break Room,SSG-BR09-2-L,"9,596.08"
2b24e26e-9712-4820-bcb5-f9e48aa3a9d3,SSG_Casework_Lab_LAM_05_02,Model Groups/Modular Casework/Laminate/Lab,,"10,762.28"
444e5f2d-a32a-4289-af15-fb8029aa7dbb,Casework_Break_Room_LAM_09_07,Model Groups/Modular Casework/Laminate/Break Room,SSG-BR09-7-L,"7,703.34"
be6f24d4-5139-4bf5-b12d-fc5a313a0beb,Casework_Mail_Room_LAM_09_10,Model Groups/Modular Casework/Laminate/Mail Room,SSG-MR09-10-L,"10,728.90"
430b9c40-9036-4aa5-bc43-fec76efe98df,Casework_Mail_Room_LAM_06_01,Model Groups/Modular Casework/Laminate/Mail Room,SSG-MR06-1-L,"5,553.60"
