id,group_name,original_price,new_price
f333ea9b-244e-4168-b295-000aae38904f,SSG_Casework_General_SST_09_Door,"14,950.54","19,435.70"
94f6629f-a947-49f9-b9fe-003c78a1b31f,Wire Partition - 3 Sided - Sliding - 45,3947.15,"5,131.30"
c5c05448-2d8d-423b-886a-00e2a188cfe7,Medical_Racks_1_Column_9H_PCS,1635.87,"2,126.63"
e0102243-2720-4c92-b49f-00fe4904c39d,Bed_Lift_Standard_3_Position_PCS,19197,"24,956.10"
aa7af90d-cc09-4117-86b2-01e46b644d73,Wire Partition - 1 Sided - Single Hinged - 44,3540.77,"4,603.00"
268c3950-47a3-468f-a575-01fa409dd894,Casework_Break_Room_LAM_10_03,8626.68,"11,214.68"
e03ce7b9-828e-4302-bb43-030c16f5d0ee,Wire Partition - 2 Sided - Sliding - 20,2480.93,"3,225.21"
f9efc791-9de7-420e-9882-03e8ca391f3c,SSG_Carousel_Vertical_Pathology_Blood_Slides_PCS_14_Levels,60100.00,"78,130.00"
322e2b22-2883-4894-b5bb-03eb1dc3680b,Casework_Exam_Room_LAM_07_01,5578.58,"7,252.15"
a5b31f73-043f-4af6-9777-04533b4550f6,Vertical_Carousel_Blood_Slides_15_Carriers_PCS,61096.72,"79,425.74"
d4d0236f-5e55-4f39-a700-04550b6f06b4,Vertical_Carousel_Blood_Slides_16_Carriers_PCS,62990.98,"81,888.27"
17d18276-94f3-4d19-83aa-046e44527a5c,Wire Partition - 1 Sided - Single Hinged - 39,3511.64,"4,565.13"
4193bf26-7a0d-4d12-a7aa-0538fd899e8a,Wire Partition - 2 Sided - Single Hinged - 29,2734.73,"3,555.15"
afa402cf-776b-48cf-a40c-053bf0190b3f,4_Post_Garment_3_Unit_108W24D88,1210.83,"1,574.08"
7ea74fab-e5ba-4264-ac66-069fe24a2a0c,Casework_Mail_Room_LAM_08_01,5972,"7,763.60"
060c5a44-8f1e-45e1-a8f9-06c48f4aab16,SSG_Casework_Lab_LAM_05_01,4504.38,"5,855.69"
e9d4f31b-4aaa-41d8-a615-070e2e5fdaf7,Casework_Exam_Room_LAM_09_01,7534.78,"9,795.21"
5d207961-3f0c-4867-a25b-077bd96a9003,Vertical_Carousel_Blood_Slides_22_Carriers_PCS,77394.26,"100,612.54"
a85fb9eb-1ffe-4b37-8235-07971dddd8d2,Day_Locker_3_Tier_1218_LAM,8697.44,"11,306.67"
da80ccc9-89dc-413b-8e46-07dc2ee75254,Casework_Break_Room_LAM_07_02,5541.95,"7,204.53"
b9705b7a-4f69-4f69-90c3-093fff399ca1,Rotary_Cabinet_Letter_3_Cabinets_5_Tier_Shelves_PCS,6804,"8,845.20"
5f20ec0c-97b0-442c-90f4-09995da210b8,Casework_Copy_Room_LAM_09_01,0,0.00
fb1fc2fb-4c75-4386-852b-099ddf6082aa,Smart_Lockers_34_Openings_PCS,26880.27,"34,944.35"
6f76faae-c878-4712-a1e8-09d38306909f,Rotary_Cabinet_Letter_2_Cabinets_6_Tier_Shelves_PCS,5191,"6,748.30"
3f40438f-2844-4bac-bc8e-09e1059835ce,Casework_Mail_Room_LAM_08_04,5456,"7,092.80"
83a67d9e-1294-4541-8c72-0b44bbeb55a1,Day_Locker_3_Tier_1818_LAM,9063.98,"11,783.17"
396378c7-0806-4f15-a84b-0b455a5d3976,Medical_Racks_1_Column_8H_PCS,1566.76,"2,036.79"
8e84ba4d-ed2b-4a90-9436-0bfa6f1064d4,Casework_Pharmacy_LAM_06_01,6533.04,"8,492.95"
18aa09c0-4376-489d-a680-0c2601873604,Smart_Locker_95_Openings_LAM,77611.12,"100,894.46"
2f460432-46b0-4896-96e9-0c519825f7c6,Wire Partition - 3 Sided - Single Hinged - 34,3351.26,"4,356.64"
8eea07bd-e872-4f88-be6d-0c915ed8464a,Bed_Lift_Heavy_Duty_4_Position_PCS,25515,"33,169.50"
7bda4bbf-4762-46a6-a1e8-0ccfd057a8b9,Rotary_Cabinet_Legal_2_Cabinets_8_Tier_Shelves_PCS,7949,"10,333.70"
e21ae707-2677-4ae3-9164-0dec3bc9db95,Casework_Medical_SST_09_1-Cabinet_Right,7949,"10,333.70"
3fd26bc2-2bc5-4808-9e65-0df2d4f22627,SSG_Casework_Lab_LAM_08_02,8776.14,"11,408.98"
6048dcaa-c9a5-4c04-8200-0e10f7b9f907,Evidence_Lockers_6_Columns_51_Openings_PCS,43871.5,"57,032.95"
f4a19dc9-6a9c-43af-8c8f-0e188a97ffdc,Casework_Mail_Room_LAM_10_02,3415.39,"4,440.01"
656044c2-45d7-4603-95e7-0e6e3a8dcbaf,Day_Locker_2_Tier_1824_LAM,8643.48,"11,236.52"
5f20a0f6-f58b-493d-9dbb-0e74def3af01,Medical_Racks_1_Column_7H_PCS,1723.84,"2,240.99"
809b2348-aae8-4277-81ee-0e79d8e004a4,Casework_Medical_SST_06_Left,1723.84,"2,240.99"
c635cb47-564f-496f-9164-0f3b35cadef3,Casework_Exam_Room_LAM_09_07,5967.46,"7,757.70"
d17cfe15-9de0-4ee1-afa8-0fa3bb7b8ace,Casework_Medical_SST_08_2-Cabinet_Left,5967.46,"7,757.70"
2dadece9-1862-497f-8315-0fdd8e57a348,Smart_Locker_81_Openings_LAM,70020.3,"91,026.39"
df11b8bd-ab20-431f-bd0d-101c2afbe434,Casework_Pharmacy_LAM_09_07,8092.39,"10,520.11"
94988182-d531-4c5a-bef4-1043f829fbbb,Smart_Lockers_62_Openings_PCS,39144.11,"50,887.34"
c3158957-54ec-4d18-bd91-106167450f47,Day_Locker_5_Tier_1824_LAM,10967.98,"14,258.37"
901b6f8f-f2a9-4c2e-bd87-10750f1de1e9,Rotary_Cabinet_Legal_3_Cabinets_5_Tier_Shelves_PCS,8518,"11,073.40"
5919a313-ef75-4367-ad05-10c155a212c7,Casework_Mail_Room_LAM_09_07,8521,"11,077.30"
3e1c26ef-086f-4a05-ada7-10c93cd5b343,Casework_General_LAM_05_02,8521,"11,077.30"
82bdf82b-de2f-4bee-8a97-1133a6c1cf35,Wire Partition - 1 Sided - Sliding - 15,2203.91,"2,865.08"
022b9684-915f-415e-80b6-11a067f06cdd,Casework_Medical_SST_07_Right,2203.91,"2,865.08"
5f99601f-8a7a-41ac-b927-11c862e3f139,Wire Partition - 4 Sided - Sliding(8) - 10X10,3815.56,"4,960.23"
48f51e47-1083-40a4-b58a-11cc17ee64ea,Wire Partition - 2 Sided - Single Hinged - 19,2162.27,"2,810.95"
3effd942-f06e-43a8-aabf-1200145d973b,Casework_Mail_Room_LAM_10_04,5944.72,"7,728.14"
da0d3157-6585-4334-9bea-124859ef6f7e,Medical_Racks_2_Column_7H_PCS,2432.25,"3,161.93"
577a7969-f743-4dc6-bf24-1305dc5529fa,Casework_Break_Room_LAM_07_06,4937.14,"6,418.28"
d8d6580b-bf5c-4ccb-a157-13c3948487ea,Day_Locker_Z_Tier_1818_LAM,9510.97,"12,364.26"
6941d819-6e30-46d0-8207-1410911b3d6b,Rotary_Cabinet_Letter_4_Cabinets_6_Tier_Shelves_PCS,10171,"13,222.30"
9a551544-0b01-4eca-80be-14a066271787,Rotary_Cabinet_Letter_1_Cabinet_3_Tier_Drawers_PCS,3111.00,"4,044.30"
17cc7d66-81b6-4e09-aef3-151a9d707c2a,Rotary_Cabinet_Legal_3_Cabinets_8_Tier_Shelves_PCS,11746,"15,269.80"
b6cc1bdd-c053-4e43-a39d-156adc2099e9,Casework_Break_Room_LAM_08_06,5510.65,"7,163.84"
f73063d5-311d-466b-858e-175028295fa9,Casework_Pharmacy_LAM_10_04,13194.25,"17,152.53"
7b70caa0-570a-4bb2-9f2b-176f0cae2275,Casework_Medical_SST_09_2-Cabinet_Right,13194.25,"17,152.53"
1d115171-92ea-4702-9de0-17a6537f026b,Rotary_Cabinet_Legal_2_Cabinets_4_Tier_Shelves_PCS,5276,"6,858.80"
e387ebb2-1e3c-45fe-a533-1871b3241f0d,Casework_Pharmacy_LAM_09_01,9189.07,"11,945.79"
a24251dc-1270-4a49-bfa4-18b6e23fd9db,Evidence_Lockers_3_Columns_26_Openings_PCS,22686.35,"29,492.25"
c5c5ff65-ce8e-413d-976b-18e0fd064c34,Wire Partition - 1 Sided - Single Hinged - 29,2734.73,"3,555.15"
096cb014-e437-4b38-a6d4-1926b03c4d30,Wire Partition - 2 Sided - Sliding - 40,3633.87,"4,724.03"
606f9846-33a7-4343-95c9-1a294da541ea,Smart_Locker_25_Openings_LAM,36709.36,"47,722.17"
0ff4a4a8-e20d-402b-99f1-1a77715cc956,SSG_Rack_Medical_Supply_PCS_1_Column_7_High_Wide,"1,474.54","1,916.90"
49684e3c-7521-487c-908d-1b3cab62de8e,Casework_Pharmacy_LAM_08_01,8360.71,"10,868.92"
11bf6d53-2f44-4330-8750-1b8163d05f11,Casework_Pharmacy_LAM_07_06,5837.49,"7,588.74"
77340fe4-e7e4-4c9d-8a03-1b8df8f14370,4_Post_Legal_3_Unit_7_Tier_PCS,2037.16,"2,648.31"
4af9d8ad-fff1-45a3-aaea-1cefc7c7ab25,Casework_Exam_Room_LAM_08_05,7538.48,"9,800.02"
e7f513f6-610b-4675-9baf-1e22f74f824b,Casework_Mail_Room_LAM_07_01,5539,"7,200.70"
adaefe9e-56ef-4570-b538-1ec46b69897b,Casework_Break_Room_LAM_09_06,7341.64,"9,544.13"
ab303cef-4e00-4a9a-83d9-1f3e80b0eb03,Casework_Mail_Room_LAM_05_01,3547,"4,611.10"
a4183e9b-6042-4ed2-8d0f-212334b66908,Casework_Break_Room_LAM_06_02,5001.74,"6,502.26"
bf4902ea-1d9e-48bf-9473-2184bff915e4,Evidence_Lockers_6_Columns_44_Openings_PCS,37841.19,"49,193.55"
836f7306-eee3-446a-b27e-2291d33be405,Wire Partition - 4 Sided - Single Hinged(10) - 10X10,3990.59,"5,187.77"
aa24052d-68a6-4ad5-824a-239fdda66ed2,SSG_Casework_General_SST_08_Drawer,"17,498.72","22,748.34"
c76ccc54-a52a-411d-9c95-23b4edaf22dc,4_Post_Garment_2_Unit_84W24D97,1113.52,"1,447.58"
863511b9-6943-4846-aaa7-2574ab186fab,Smart_Lockers_86_Openings_PCS,50497.93,"65,647.31"
2397c9b9-dcde-4b88-ba55-26301a078255,Wire Partition - 3 Sided - Single Hinged - 39,3511.64,"4,565.13"
3c21f3d6-d8e9-4798-8ee8-265d4632df0a,4_Post_Box_6_Tier_Double_Sided_PCS,1010.84,"1,314.09"
388ddedc-210a-4129-80c5-26ffeb998895,Wire Partition - 2 Sided - Single Hinged - 24,2423.27,"3,150.25"
ca6c1672-3a8d-4045-9d69-2762174085a4,Medical_Racks_4_Column_8H_PCS,4577.87,"5,951.23"
855a53f8-b6fc-4846-b303-27cbb9bb5d5a,SSG_Rack_Medical_Supply_PCS_1_Column_8_High,"1,566.76","2,036.79"
2e015977-688d-4948-b163-2941a3c08cde,Casework_Medical_SST_06_Left_Drawers,"1,566.76","2,036.79"
580f6a85-5f75-4333-87b7-299a5f0ed161,Rotary_Cabinet_Letter_2_Cabinets_5_Tier_Drawers_PCS,8081,"10,505.30"
670cd65f-f2a8-4877-b07a-2a98377c70a4,SSG_Casework_Lab_LAM_08_03,9847.07,"12,801.19"
11ceb898-6dfa-4995-b567-2a9b71659f24,SSG_Casework_Lab_LAM_09_05,14802.26,"19,242.94"
230b9d9c-d117-4800-8c2f-2b509e5dfb05,Casework_Exam_Room_LAM_07_05,5830.55,"7,579.72"
b378bd4c-0da8-4658-a456-2b61fb859697,Rotary_Cabinet_Letter_1_Cabinet_7_Tier_Drawers_PCS,5432.00,"7,061.60"
dd2280d5-78da-46a1-845e-2b63deab0c5a,4_Post_Letter_2_Unit_7_Tier_Double_Sided_PCS,1641.66,"2,134.16"
cbf027a1-4726-4d71-8f95-2c7e58e49e8b,Wire Partition - 1 Sided - Single Hinged - 34,3074.55,"3,996.92"
9d26cf35-5031-42fb-8fa3-2ca59bbaf75d,4_Post_Binder_5_Tier_PCS,762.61,991.39
f5a36a22-3115-4b06-8b3c-2f267537f448,Rotary_Cabinet_Letter_1_Cabinet_6_Tier_Drawers_PCS,4683,"6,087.90"
f7e6a41f-4e52-4bad-bd5f-2fba360efb47,Evidence_Lockers_3_Columns_18_Openings_PCS,18786.63,"24,422.62"
fa22bbac-fac2-4eb7-9f8a-2fec578adbf4,1045 test,18786.63,"24,422.62"
ccdda631-3484-4407-9838-3033112cded8,SSG_Rack_Medical_Supply_PCS_1_Column_8_High_Wide,"1,540.29","2,002.38"
a3130a72-26ce-4a10-8c2a-30a983415735,Rotary_Cabinet_Legal_2_Cabinets_8_Tier_Drawers_PCS,13222,"17,188.60"
babb8c55-4a4d-42f2-8437-30aff7e49b64,PSL_Door_Drawer_03_PCS,7390.07,"9,607.09"
0feb5481-cf7f-4af4-8627-31e3b34ddd92,Casework_Mail_Room_LAM_10_01,7512,"9,765.60"
f051d02c-6c07-4fba-bb77-32d3f8f36a33,Rotary_Cabinet_Legal_1_Cabinet_6_Tier_Drawers_PCS,"5,306.00","6,897.80"
562eb495-691d-4aa0-ab89-32fe32b23cf6,Day_Locker_4_Tier_1818_LAM,9857.15,"12,814.30"
174f6f38-3445-49c0-ad99-3373ed98d8ea,Rotary_Cabinet_Legal_1_Cabinet_4_Tier_Shelves_PCS,"2,826.00","3,673.80"
db387229-1257-4ca0-b220-33eed1e97b57,PSL_Bench_Top_05_PCS,8066.27,"10,486.15"
d9f01336-1a96-4f3b-bc9e-35c0e3cb0030,SSG_Casework_General_SST_06_Open,"8,728.44","11,346.97"
a960c10e-84c7-458a-a6bb-3616f3bedb1a,Rotary_Cabinet_Legal_3_Cabinets_4_Tier_Drawers_PCS,11676,"15,178.80"
8bfa3331-6dca-48aa-b87e-36e42b50296f,Casework_Pharmacy_LAM_07_01,6764.22,"8,793.49"
d44bd4be-30d9-4584-b676-376b986f5457,Day_Locker_4_Tier_1824_LAM,10205.37,"13,266.98"
804e2134-1dc5-4785-bf3f-38448fc1c5c8,Rotary_Cabinet_Legal_1_Cabinet_6_Tier_Shelves_PCS,"3,346.00","4,349.80"
c6776caf-8041-42e4-a462-38839b48fb06,Medical_Racks_3_Column_9H_Wide_PCS,3687.82,"4,794.17"
fbcff79b-ba88-4003-b1ff-3b2ecfcb0bb3,4_Post_Letter_7_Tier_Double_Sided_PCS,967.13,"1,257.27"
01441693-73dc-4dc8-8a77-3b68c93a0b5d,Evidence_Lockers_6_Columns_46_Openings_PCS,43202.11,"56,162.74"
a650fe93-5540-40a6-988a-3bf810d2998b,Casework_Break_Room_LAM_09_05,6330.8,"8,230.04"
aa2fef42-eff1-4f2f-bf10-3cf163d47037,4_Post_Box_6_Tier_PCS,827.94,"1,076.32"
e2eee661-b1e7-4c32-8909-3db72bd02e67,SSG_Carousel_Vertical_Pathology_Blood_Slides_PCS_15_Levels,62300.00,"80,990.00"
a59b1c85-28b1-4611-a5f8-3e6ed47256a1,Casework_Pharmacy_LAM_Corner_01,4923.24,"6,400.21"
3a27a4b3-05f7-4a53-a744-3e792a0b6270,SSG_Rack_Medical_Supply_PCS_4_Column_9_High,"4,854.31","6,310.60"
5a1d5a6a-9124-4072-9fe5-3f33ae564635,Smart_Lockers_102_Openings_PCS,52280.76,"67,964.99"
40fb132a-e1da-4cc2-a334-3fa3f590daeb,SSG_Casework_Lab_LAM_07_04,19171.89,"24,923.46"
091387a5-f8c5-4d98-8bab-3fd55653fc90,Wire Partition - 1 Sided - Sliding - 30,3083.65,"4,008.75"
8633c469-e0b8-4cf5-9f35-401118d43ae3,SSG_Carousel_Vertical_Pathology_Blood_Slides_PCS_19_Levels,71900.00,"93,470.00"
2a516665-8738-43e2-ab77-403fd68d703a,Bed_Lift_Stretcher_3_Position_PCS,17847.54,"23,201.80"
d33a1291-4307-40f6-aefa-408ef35d91c7,Rotary_Cabinet_Letter_2_Cabinets_7_Tier_Drawers_PCS,10615,"13,799.50"
8151988e-d430-4fe6-bbd3-40a1bbb2f407,Casework_Exam_Room_LAM_07_04,6605.33,"8,586.93"
0fae361a-e303-4998-9409-40b92d46c9e1,4_Post_Garment_3_Unit_108W24D97,1271.51,"1,652.96"
cf2b7ebf-310b-4a00-9ff3-410f7b27eb59,SSG_Rack_Medical_Supply_PCS_3_Column_8_High_Wide,"3,490.59","4,537.77"
9277f8d1-0e36-43d8-8ac4-4151ed58270b,Casework_Exam_Room_LAM_09_09,6217.21,"8,082.37"
1af5c3bd-9ab3-422e-bb3f-417f0ac5038d,Wire Partition - 1 Sided - Sliding - 35,3435.10,"4,465.63"
357deacb-2503-4727-9c27-41d3862fd816,Casework_Pharmacy_LAM_09_03,9424.39,"12,251.71"
90b31133-0604-4929-9ea0-42e41e7ffa0d,Rotary_Cabinet_Legal_3_Cabinets_8_Tier_Drawers_PCS,19690,"25,597.00"
47795324-5508-45ba-8f53-4484fea7dcdf,Casework_Mail_Room_LAM_07_03,8225.95,"10,693.74"
0578240a-2365-446b-96ab-45b90da46141,Casework_Exam_Room_LAM_08_04,6842.51,"8,895.26"
b04454a4-22bb-41b6-a507-45dbbc3cc486,PSL_Combo_03_PCS,10446.21,"13,580.07"
d79afaa5-becd-4848-a0d7-467847cdb3fd,Wire Partition - 1 Sided - Single Hinged - 09,1438.24,"1,869.71"
f679cb33-dad2-4eef-969a-469f8b67b864,Day_Locker_Z_Tier_1218_LAM,9144.42,"11,887.75"
85b96fb9-687a-40e5-8a98-47017d10a975,Casework_Break_Room_LAM_05_01,5301.5,"6,891.95"
afec6e5b-4b01-4c84-b5ac-4723c66afac1,Vertical_Carousel_Blood_Slides_13_Carriers_PCS,57094.26,"74,222.54"
16ea7bd5-05f0-477a-8368-4772f19b35c5,Casework_Mail_Room_LAM_06_02,3851.5,"5,006.95"
285c746c-e545-4039-a7ef-47813b64be3a,Rotary_Cabinet_Legal_1_Cabinet_5_Tier_Drawers_PCS,"4,656.00","6,052.80"
1fc8f748-c023-41d5-b120-49204c8bb9d0,4_Post_Legal_2_Unit_7_Tier_Double_Sided_PCS,1804.44,"2,345.77"
2bf8544f-829f-4352-a877-4a3017d268f7,Medical_Racks_5_Column_8H_PCS,5581.57,"7,256.04"
b368b6df-de1d-4960-963d-4b340d8e0da6,Rotary_Cabinet_Letter_1_Cabinet_7_Tier_Shelves_PCS,3135.00,"4,075.50"
4fd1ef13-31a0-4016-a494-4c1988d711d8,Bed_Lift_Side_Load_4_Position_PCS,33182.46,"43,137.20"
ea8abd39-8e78-4255-8f0e-4cb58895baf4,PSL_Full_Height_01_PCS,5911.58,"7,685.05"
a60f756d-3110-4ccc-bf6a-4d6adc60c74f,Evidence_Lockers_4_Columns_42_Openings_PCS,29282.69,"38,067.50"
87681b88-ccfc-413c-90b8-4dc2948d7086,Medical_Racks_3_Column_8H_PCS,3570.03,"4,641.04"
3556a0a4-fce9-40c6-900c-4eb9c1c71dc3,Vertical_Carousel_Blood_Slides_18_Carriers_PCS,67004.09,"87,105.32"
1acd5ed3-da35-473b-80b2-4ec370f3f062,Wire Partition - 3 Sided - Single Hinged - 44,3540.77,"4,603.00"
bbe72d5b-a3d1-4ca9-a900-4efa114d36bb,Casework_Mail_Room_LAM_08_06,9036,"11,746.80"
8c7ebb0a-0759-4902-9392-4efffab68b41,Medical_Racks_2_Column_7H_Wide_PCS,2386.02,"3,101.83"
48c9e99a-6718-4638-99e7-4f9631f11b6d,Wire Partition - 2 Sided - Single Hinged - 39,3511.64,"4,565.13"
a775a476-56c9-44a6-b975-504d32df0cbf,SSG_Casework_Lab_LAM_08_05,11702.34,"15,213.04"
9a4c6ab8-32e3-4925-af62-50feea1c6bc7,Smart_Lockers_70_Openings_PCS,40035.52,"52,046.18"
0c075b26-1fd9-4779-8129-5103d7cb9a2b,Day_Locker_5_Tier_1218_LAM,10247.11,"13,321.24"
3253ed1a-aaca-443b-b525-51268886fc11,Casework_Break_Room_LAM_10_04,7867.78,"10,228.11"
74b4775c-1109-429d-a6ba-520df8f339be,Rotary_Cabinet_Legal_3_Cabinets_5_Tier_Drawers_PCS,13466,"17,505.80"
6209b7b7-571d-474b-a0df-521e8f1d3e5f,PSL_Typical_Room_PCS,68307.15,"88,799.29"
f3606635-34fd-4af6-b156-527cfa3b170e,Casework_Break_Room_LAM_09_09,6753.71,"8,779.82"
b71d4ce6-4ed8-492b-ac7e-52db9342504d,Casework_General_LAM_05_04,6753.71,"8,779.82"
fbbb7c7b-7f4e-437f-9913-533160283782,Wire Partition - 4 Sided - Sliding(10) - 10X10,4305.63,"5,597.32"
5e0c50ab-53ab-4b00-83cd-537a2f916db6,Casework_Break_Room_LAM_09_08,6530.23,"8,489.30"
f54f7fc9-cd40-44f2-9879-537f1a2bda2a,SSG_Casework_Lab_LAM_10_03,14262.67,"18,541.47"
05206ca0-01fe-4497-9798-53aa256b9641,Wire Partition - 1 Sided - Sliding - 40,3633.87,"4,724.03"
9fbeba0b-fdaa-4988-abff-54818de209d0,4_Post_Letter_3_Unit_7_Tier_Double_Sided_PCS,2316.2,"3,011.06"
fc939033-c4a5-4f87-883d-556a089c9a6e,Rotary_Cabinet_Letter_3_Cabinets_6_Tier_Drawers_PCS,13669,"17,769.70"
d81471cc-418d-42d7-a177-56af9d680b4c,Evidence_Lockers_5_Columns_37_Openings_PCS,34704.59,"45,115.97"
006993c4-3d45-45a6-b9e0-56dacd515119,Bed_Lift_Standard_5_Position_PCS,27459,"35,696.70"
cf50b14e-3119-4e30-83af-574866bf5786,Medical_Racks_1_Column_9H_Wide_PCS,1606.03,"2,087.84"
63dd3388-0540-42d1-9c35-575fb0e45609,Day_Locker_6_Tier_1824_LAM,11742.82,"15,265.67"
fb887610-d6f7-48a8-9708-58e6464c257c,SSG_Casework_Lab_LAM_06_01,5614.38,"7,298.69"
566ce6e7-ff98-4875-8c73-5951bfef752f,SSG_Casework_Lab_LAM_05_06,5211.22,"6,774.59"
fc4c6740-bae0-4b62-abe6-597585c3ea5d,Rotary_Cabinet_Letter_2_Cabinets_4_Tier_Drawers_PCS,7017,"9,122.10"
b7517551-7e87-4ba9-81b9-5a636e89a190,Smart_Locker_40_Openings_LAM,46082.36,"59,907.07"
1c10a3d8-d6a6-4bc1-8f39-5af42def3bcd,Rotary_Cabinet_Legal_1_Cabinet_8_Tier_Shelves_PCS,"4,152.00","5,397.60"
b98cd309-c8ff-42ca-b037-5b9b6c6b5ede,4_Post_Garment_2_Unit_72W24D88,984.33,"1,279.63"
1bbc773b-6d11-400b-a81b-5ba1644a2f9e,SSG_Rack_Medical_Supply_PCS_4_Column_7_High,"4,301.43","5,591.86"
98ca8c8a-c1ae-4243-9c73-5d4299720f5a,Day_Locker_2_Tier_1218_LAM,7922.6,"10,299.38"
6cbe25f9-2693-4880-9880-5dcd55a8c082,Wire Partition - 3 Sided - Sliding - 30,3083.65,"4,008.75"
b26d3781-bd63-4d9a-b8c8-600475d1401a,Rotary_Cabinet_Legal_4_Cabinets_7_Tier_Shelves_PCS,14310,"18,603.00"
e0811a0a-0f82-4d05-bedd-60125c3f5789,Casework_Mail_Room_LAM_05_02,4171.22,"5,422.59"
0c1ad0c7-2de7-4066-9b0d-6062625710d7,SSG_Casework_General_SST_12_Drawer,"25,199.03","32,758.74"
52be9db1-3705-4813-ab36-606a30e8efd7,SSG_Casework_Lab_LAM_09_01,3862.8,"5,021.64"
edca246b-26e9-4bd7-ba77-60f7f7412af6,Day_Locker_5_Tier_1818_LAM,10613.66,"13,797.76"
15cc4ce0-4114-4a13-85ea-620c5b288538,Casework_Break_Room_LAM_09_01,7332.66,"9,532.46"
6b7bd270-d4eb-4dae-a717-62690d206549,Casework_Pharmacy_LAM_05_02,5958.87,"7,746.53"
f394068c-7911-453e-a4a4-62991d408b1c,4_Post_Binder_3_Unit_5_Tier_Double_Sided_PCS,2068.94,"2,689.62"
323b836b-771b-4a2a-9177-631a661e5edc,SSG_Casework_Lab_LAM_10_01,11944.71,"15,528.12"
92fdd897-b7cb-44b3-9d59-6394ace78102,Smart_Lockers_82_Openings_PCS,45500.72,"59,150.94"
9e71d72a-cc6a-4839-8e5a-63d512dfd9ee,Casework_Break_Room_LAM_07_03,6057.89,"7,875.26"
62ef07b6-823f-4822-9c75-6481e08ceba3,Casework_Exam_Room_LAM_09_06,7060.81,"9,179.05"
12281c72-a4ff-4c47-88c5-64b06072f53e,Rotary_Cabinet_Letter_3_Cabinets_5_Tier_Drawers_PCS,12004,"15,605.20"
a6955be8-05af-4e53-8a0c-650400e2d42b,Casework_Medical_SST_10_1-Cabinet_Right_Sink,12004,"15,605.20"
86e2d122-854b-4e9c-add0-6628284b985d,SSG_Rack_Medical_Supply_PCS_3_Column_7_High,"3,362.70","4,371.51"
c759b20e-e33b-476b-80df-66ce91e036e7,Medical_Racks_2_Column_9H_PCS,2708.68,"3,521.28"
1b371b44-c3ac-4daf-98d9-6768759df709,SSG_Rack_Medical_Supply_PCS_5_Column_9_High,"5,927.12","7,705.26"
9b6fb510-d492-49a6-9849-679e1d374791,Rotary_Cabinet_Letter_2_Cabinets_8_Tier_Drawers_PCS,11767,"15,297.10"
15ed4248-e311-46f0-8727-67cc33604695,Wire Partition - 2 Sided - Single Hinged - 44,3540.77,"4,603.00"
fe6d929c-da0a-487c-a6c8-67cf5a5f97ae,Casework_Medical_SST_10_1-Cabinet_Left,3540.77,"4,603.00"
9bc9f7af-c3cc-4a5f-ae7a-693f3989116d,SSG_Casework_Lab_LAM_08_04,10042.43,"13,055.16"
f1d3aac4-32ac-4f07-8b4a-6afa54541985,Rotary_Cabinet_Legal_1_Cabinet_4_Tier_Drawers_PCS,"4,118.00","5,353.40"
1d28ba2d-c599-4a49-a68c-6b85b73716da,Smart_Lockers_66_Openings_PCS,43677.02,"56,780.13"
bd506873-dd97-4c3b-96b1-6b901fe55439,Smart_Lockers_44_Openings_PCS,32100.34,"41,730.44"
43196085-b1ea-4664-a05c-6c4a249a74ff,Rotary_Cabinet_Letter_3_Cabinets_8_Tier_Drawers_PCS,17476,"22,718.80"
6ba641e6-c5b5-4ab9-b30e-6da4fdbe30bc,Smart_Lockers_56_Openings_PCS,38222.96,"49,689.85"
d3f65337-3c20-43df-9c05-6e0a1e91eb78,Casework_General_LAM_05_01,38222.96,"49,689.85"
5545e3ca-3607-4c08-8fb8-6e57a3948142,Casework_Exam_Room_LAM_05_01,5110.88,"6,644.14"
ae3f76e4-2e0e-437a-807e-6e5f031f8325,Rotary_Cabinet_Legal_1_Cabinet_8_Tier_Drawers_PCS,"6,754.00","8,780.20"
1cec345b-cdae-467c-b608-6e6a712976c1,Rotary_Cabinet_Letter_2_Cabinets_7_Tier_Shelves_PCS,5994,"7,792.20"
62830f4a-bf81-4228-a846-6ec5bdf92862,PSL_2_Tier_01_PCS,6026.72,"7,834.74"
935f5474-99d0-495e-8ba3-6ef7b696127a,SSG_Casework_Lab_LAM_08_06,15739.13,"20,460.87"
30e4c269-7592-4689-b596-6fa4e76a7de0,Rotary_Cabinet_Letter_2_Cabinets_5_Tier_Shelves_PCS,4628,"6,016.40"
ed31f414-d5a3-4d52-a8bf-6fed9db12659,Casework_Exam_Room_LAM_07_02,5112.38,"6,646.09"
de95a507-7188-481c-b6a3-713d5c4fc54e,4_Post_Box_2_Unit_6_Tier_PCS,1417.41,"1,842.63"
c19a421e-77a9-43e7-8a30-72a3066c21be,Casework_Break_Room_LAM_09_10,5776.69,"7,509.70"
a7289d14-b66b-4523-a448-72b5e7dc24bf,PSL_Full_Height_03_PCS,14462.4,"18,801.12"
615cee83-d945-4575-8b39-72d5f2a7a5b3,Smart_Locker_107_Openings_LAM,84581.82,"109,956.37"
54e20560-68cd-4b54-abe4-73492145a00d,Rotary_Cabinet_Letter_2_Cabinets_3_Tier_Drawers_PCS,5917,"7,692.10"
c64d41b6-0ec0-4e25-aec8-7523f75f0404,Casework_Exam_Room_LAM_10_03,7303.54,"9,494.60"
b546d5ac-e1d0-4d08-bc64-7575677a8689,Rotary_Cabinet_Letter_1_Cabinet_5_Tier_Shelves_PCS,2452.00,"3,187.60"
f3bd1573-67f0-461a-8cee-75f59879e2a6,SSG_Casework_Lab_LAM_06_04,10230.05,"13,299.06"
761376c0-3e38-4d08-9a0d-762a16c55eb2,Smart_Lockers_40_Openings_PCS,32100.34,"41,730.44"
4913ad40-18c2-48b0-aa9d-769d02725a2c,Casework_Pharmacy_LAM_06_02,5229.9,"6,798.87"
3104d5ce-cd74-45f0-8068-76a9b16f217a,Rotary_Cabinet_Letter_3_Cabinets_6_Tier_Shelves_PCS,7681,"9,985.30"
f8ae57ab-6855-418d-bb76-76d2658daf41,Rotary_Cabinet_Legal_1_Cabinet_5_Tier_Shelves_PCS,"3,024.00","3,931.20"
6635896c-f688-48df-8585-776678e40157,Casework_General_LAM_Corner_01,"3,024.00","3,931.20"
c70ab1cb-968f-4792-8959-7894c35ea9fc,Casework_Exam_Room_LAM_10_02,6605.35,"8,586.95"
b22c4b86-85d9-4101-b368-78ab68765a21,Casework_Medical_SST_08_2-Cabinet_Right,6605.35,"8,586.95"
d4267c94-1860-43c6-9b0f-78ef7411b9d2,SSG_Rack_Medical_Supply_PCS_2_Column_8_High,"2,570.47","3,341.61"
bdef8a68-bc52-4668-a4d2-790520f0e3ee,SSG_Rack_Medical_Supply_PCS_3_Column_7_High_Wide,"3,293.36","4,281.37"
567cc259-faa3-4712-8493-79f0d46656c1,Casework_Copy_Room_LAM_08_01,0,0.00
3e79d705-f6db-4a50-bbbb-7addbbfbaf01,4_Post_Garment_2_Unit_96W24D88,1176.85,"1,529.90"
0bbfafe9-42c0-446f-8287-7b53b739b4b2,Casework_Pharmacy_LAM_09_09,8205.61,"10,667.29"
701d8edc-6d58-4386-8c43-7b9d7ad35bca,4_Post_Box_3_Unit_6_Tier_PCS,2008.59,"2,611.17"
a63e2a58-55db-42c7-a7fd-7be9aa838b0b,Casework_Exam_Room_LAM_09_04,8553.76,"11,119.89"
ab0b0d7c-c6b8-48eb-b063-7c2c528a576a,SSG_Rack_Medical_Supply_PCS_1_Column_9_High_Wide,"1,606.03","2,087.84"
b646309a-55c8-45fc-b294-7c651e0b2df9,Medical_Racks_3_Column_9H_PCS,3777.36,"4,910.57"
0773ae25-53a9-4a2c-ae4a-7d5c51a2e819,Evidence_Lockers_7_Columns_34_Openings_PCS,33880.05,"44,044.07"
77a51443-4b94-45d7-80a2-7d60bee87cfb,Smart_Locker_12_Openings_LAM,31453.97,"40,890.16"
1b82aa27-625c-4ef1-a855-7e03f5d594a4,Casework_Pharmacy_LAM_05_01,4923.24,"6,400.21"
82243a58-1eb1-4e03-bcb2-7e58b3157662,Casework_Break_Room_LAM_10_01,8374.11,"10,886.34"
25d07f78-93d6-44c8-a1b6-7f84c77c5b1d,Casework_Mail_Room_LAM_Corner_02,8374.11,"10,886.34"
95ce68d8-25cc-4751-b2f6-7faf8c5daf05,SSG_Casework_Lab_LAM_10_04,15536.73,"20,197.75"
ae7436df-9a4c-43a9-9901-807511820d47,Day_Locker_4_Tier_1218_LAM,9484.49,"12,329.84"
5f2f7692-94bd-44e4-a44c-8076c4d2fa94,Casework_Medical_SST_07_Left_Drawers,9484.49,"12,329.84"
a6b35ab7-025d-4305-913b-80968daea5ee,Rotary_Cabinet_Letter_3_Cabinets_7_Tier_Shelves_PCS,8853,"11,508.90"
ccc867f3-6625-42f9-97b2-811ed4cbfffe,whatever_group,8853,"11,508.90"
e75f53d3-8290-4ffd-ac8d-826846724a55,Casework_Pharmacy_LAM_10_01,9260.41,"12,038.53"
8f3b9c1b-18d6-43e3-878a-82872eb803f0,Casework_Mail_Room_LAM_09_01,6363,"8,271.90"
e6132c33-ff09-4c77-9c35-838fc95b37c4,Casework_Exam_Room_LAM_09_10,7297.24,"9,486.41"
d3342c16-99e2-4a9b-ace2-8416b49444ea,PSL_Full_Height_02_PCS,4509.15,"5,861.89"
94388450-e7a0-4855-b652-841a3bfab4b6,Day_Locker_4_Tier_1224_LAM,9777.73,"12,711.05"
b99ce4da-db52-47ee-a364-846bbab75ba4,SSG_Casework_Lab_LAM_07_01,7110.66,"9,243.86"
ae6ff89a-930f-4aef-bd5c-847ae5644de2,Wire Partition - 3 Sided - Sliding - 35,3876.31,"5,039.20"
d423fc1a-2de7-4ce3-97cc-84c6a6dd587a,Day_Locker_5_Tier_1224_LAM,10540.35,"13,702.46"
34a51f20-5f25-4dbb-a401-84fc5cae139e,SSG_Rack_Medical_Supply_PCS_4_Column_8_High,"4,577.87","5,951.23"
c6eead06-6dd9-4ba8-8c69-856a80f090cf,SSG_Rack_Medical_Supply_PCS_1_Column_9_High,"1,635.87","2,126.63"
78388c4c-6666-4471-a969-8574395d058e,SSG_Casework_Lab_LAM_06_06,7754.28,"10,080.56"
1b0bb01d-8302-4fb5-845d-858dd94f0745,Casework_Mail_Room_LAM_08_02,3529.1,"4,587.83"
6d82f1c6-8606-41c9-8eb6-858fcc4f8428,Casework_Exam_Room_LAM_06_02,4897.4,"6,366.62"
b2deebfc-0cc4-49b4-bb55-85af93e03c12,4_Post_Binder_2_Unit_5_Tier_PCS,1262.16,"1,640.81"
12b46e9a-23ff-4ddc-9757-861255645495,Evidence_Lockers_4_Columns_28_Openings_PCS,25903.42,"33,674.45"
64fdbe8f-cd2f-450d-9720-862df6987861,Rotary_Cabinet_Legal_2_Cabinets_6_Tier_Drawers_PCS,10328,"13,426.40"
3d57bb0e-1f37-4c31-85b3-8708536483f7,Casework_Medical_SST_06_Right_Drawers,10328,"13,426.40"
b146167f-3c25-452e-94a4-872b52dab024,SSG_Casework_General_SST_09_Open,"12,737.06","16,558.18"
3bccd537-23c3-4251-8972-88698d0e322a,PSL_Bench_Top_02_PCS,7177.73,"9,331.05"
f2717f58-519a-4407-8e7e-88e6a2b2adc4,Evidence_Lockers_4_Columns_34_Openings_PCS,27783.19,"36,118.15"
c174874d-a6b0-40ce-8794-8b7b6f9145c1,Rotary_Cabinet_Letter_1_Cabinet_5_Tier_Drawers_PCS,4158.00,"5,405.40"
01a2933f-23ee-4417-8aa7-8b98dee972c1,4_Post_Legal_3_Unit_7_Tier_Double_Sided_PCS,2550.84,"3,316.09"
6b109783-4c91-44a8-80bc-8caeec61503f,Rotary_Cabinet_Letter_4_Cabinets_7_Tier_Shelves_PCS,11712,"15,225.60"
0739ce24-e5f2-4c45-a767-8d8ff894574a,Smart_Lockers_26_Openings_PCS,25988.86,"33,785.52"
f019c639-110f-4b6b-befd-8dba84b88714,Rotary_Cabinet_Legal_3_Cabinets_4_Tier_Shelves_PCS,7726,"10,043.80"
113ff174-cb6d-49c1-9c03-8e26bf2cb96d,Casework_Mail_Room_LAM_09_02,4248.25,"5,522.73"
44d15f12-ee67-42ff-b922-9057ac41f1a5,Rotary_Cabinet_Legal_1_Cabinet_7_Tier_Drawers_PCS,"6,158.00","8,005.40"
14999be7-9c0c-428c-8696-9132c087248f,Casework_Medical_SST_10_2-Cabinet_Right,"6,158.00","8,005.40"
291ba482-0607-491c-b5d8-91768dbe0056,Casework_Medical_SST_10_1-Cabinet_Right,"6,158.00","8,005.40"
b763d6ee-1bd0-4f0e-89c9-91ab0615b7f6,Rotary_Cabinet_Letter_3_Cabinets_7_Tier_Drawers_PCS,15798,"20,537.40"
3033704d-b434-4a11-8a87-92b20ecfb38a,Medical_Racks_3_Column_7H_PCS,3362.7,"4,371.51"
93768711-743c-4dbf-98b6-93868852a5a4,SSG_Casework_General_SST_12_Open,"16,733.00","21,752.90"
2714797f-06ae-4214-be6d-93bb69294951,Wire Partition - 1 Sided - Single Hinged - 14,1983.06,"2,577.98"
9b07f9d7-3860-4795-a18d-93ebe6950f42,SSG_Casework_Lab_LAM_10_06,19201.95,"24,962.54"
c0147fa4-37b4-4458-a019-9474a25e9fdc,Casework_Exam_Room_LAM_07_03,7053.77,"9,169.90"
90c8d880-cfce-4988-8bb9-94f0723f6388,Rotary_Cabinet_Legal_3_Cabinets_7_Tier_Drawers_PCS,17776,"23,108.80"
3a9375e2-8406-4c23-baff-95ce09147491,Rotary_Cabinet_Legal_4_Cabinets_3_Tier_Shelves_PCS,9435,"12,265.50"
c3ccf1ef-1d41-4540-9eb3-95e98442d4f9,Rotary_Cabinet_Letter_1_Cabinet_6_Tier_Shelves_PCS,2701.00,"3,511.30"
20288973-97aa-40cb-b26e-9607e40d637f,Medical_Racks_5_Column_7H_PCS,5236.02,"6,806.83"
1b282b78-93c6-4882-a485-960fdd51e1f2,Casework_Mail_Room_LAM_07_02,3522.95,"4,579.84"
0eeac430-52d4-4025-ad4b-96b392d72ad8,Rotary_Cabinet_Legal_4_Cabinets_6_Tier_Shelves_PCS,12448,"16,182.40"
58d2df78-4864-49dd-89cc-97165ae8e466,Rotary_Cabinet_Letter_4_Cabinets_5_Tier_Shelves_PCS,8980,"11,674.00"
87262693-1dc1-4724-a828-97dee3a3e5f1,4_Post_Letter_2_Unit_7_Tier_PCS,1370.65,"1,781.85"
318814c3-2f5d-4edd-b924-980e0aa05dfb,4_Post_Garment_2_Unit_72W24D97,1030.55,"1,339.71"
f273573b-faf9-426b-83d6-982516fb6e45,Wire Partition - 1 Sided - Sliding - 20,2480.93,"3,225.21"
ec29f266-c483-4109-a743-99759db3613b,PSL_Bench_Top_01_PCS,8167.88,"10,618.24"
d1e201d9-c852-45a2-8b5c-9988c8d49597,Day_Locker_6_Tier_1218_LAM,11021.95,"14,328.54"
10528ade-7ad1-4c34-b20b-99a909423d4d,Rotary_Cabinet_Letter_1_Cabinet_4_Tier_Shelves_PCS,2387.00,"3,103.10"
9a0289bb-b300-412f-861d-99b2907b95b3,Medical_Racks_2_Column_8H_Wide_PCS,2517.51,"3,272.76"
04768801-b837-486b-b465-99fea9f7ce58,Day_Locker_2_Tier_1818_LAM,8289.15,"10,775.90"
3bf4e84e-38cc-4e41-8981-9a75978dfc9f,Casework_Mail_Room_LAM_07_05,3046,"3,959.80"
5ff1fed9-3234-40c9-a266-9b047b273dcd,Casework_Pharmacy_LAM_10_03,7208.02,"9,370.43"
e1820ca7-28e8-45ab-b23f-9be007eeb3a0,Casework_Exam_Room_LAM_08_02,6845.84,"8,899.59"
16aad660-ca28-4a6b-aa78-9c185b780d4b,4_Post_Box_3_Unit_6_Tier_Double_Sided_PCS,2546.73,"3,310.75"
012c4b6e-264d-48ee-958a-9c99d07f4a19,Wire Partition - 2 Sided - Sliding - 35,3435.10,"4,465.63"
0c66376a-9fa1-4347-9be2-9d3c015b0102,Evidence_Lockers_4_Columns_31_Openings_PCS,31472.05,"40,913.67"
a64ab1c7-4a0e-4c01-bb41-9dc9dd49b001,SSG_Casework_Lab_LAM_09_06,14560.95,"18,929.24"
da7aa914-ef8a-4643-ba58-9e47ed1d6525,Rotary_Cabinet_Legal_1_Cabinet_7_Tier_Shelves_PCS,"3,798.00","4,937.40"
40dfe243-1d7c-46b7-b6e7-9eda3554868e,SSG_Casework_Lab_LAM_06_02,8454.42,"10,990.75"
59c988cc-24df-48f3-a393-9f8dd85b64c1,Casework_Mail_Room_LAM_08_03,5351.1,"6,956.43"
b5db2d4c-8d6e-4ea3-a17a-9f8e0244d663,Casework_Medical_SST_09_1-Cabinet_Left,5351.1,"6,956.43"
6bee4e15-ce58-4333-ae63-a0db3ac70aad,Casework_Medical_SST_07_Right_Drawers,5351.1,"6,956.43"
4533abba-d672-4308-a245-a0dbbf453d32,Casework_Exam_Room_LAM_09_08,7549.21,"9,813.97"
35f33f4b-a177-4d26-9ffc-a0fa8140dffe,PSL_Combo_01_PCS,5033.64,"6,543.73"
e5123de4-fd8b-41e9-9ddc-a12a3afe4d3e,Casework_Break_Room_LAM_08_05,5036.72,"6,547.74"
3a2010f0-cd8b-4acf-b9b2-a1736f75702d,Wire Partition - 2 Sided - Sliding - 30,3083.65,"4,008.75"
09f4a43e-9e6e-4569-9bb2-a2138b1bbeab,Vertical_Carousel_Blood_Slides_20_Carriers_PCS,72440.98,"94,173.27"
12bb9b6d-1652-4b80-8153-a218828e048a,Casework_Mail_Room_LAM_07_06,5668,"7,368.40"
28addbfd-62f2-4b1e-a6c6-a26cdc24ecbe,4_Post_Binder_5_Tier_Double_Sided_PCS,884.71,"1,150.12"
84999955-59c1-4da5-b683-a28a33169c79,SSG_Casework_General_SST_04_Drawer,"8,860.29","11,518.38"
acb56368-c483-4706-9e65-a2f05b90b4d0,SSG_Casework_General_SST_12_Door,"19,684.32","25,589.62"
c68eb4f3-c0a4-4360-8f9b-a3aef9d8d54d,Casework_Exam_Room_LAM_07_06,5364.35,"6,973.66"
5f7be53d-c902-451a-8f59-a3ce286587d0,Casework_Break_Room_LAM_05_02,4514.81,"5,869.25"
f4f29952-46d6-4aeb-b099-a427d3ac3a3e,Wire Partition - 1 Sided - Sliding - 45,3947.15,"5,131.30"
f0f5394e-74da-4bf4-b852-a486351991c3,Smart_Locker_57_Openings_LAM,56075.45,"72,898.08"
24a6a7e6-d4a5-4bbe-8950-a4b1cedf17ab,Rotary_Cabinet_Letter_2_Cabinets_8_Tier_Shelves_PCS,6497,"8,446.10"
d76b51cd-9197-4ab5-b36b-a4cc42486ece,Medical_Racks_2_Column_8H_PCS,2570.47,"3,341.61"
a891f8c0-a04c-4c8a-a1bc-a63b98ad118a,4_Post_Garment_2_Unit_96W24D97,1252.02,"1,627.63"
38374c91-0c3f-4352-887d-a6881747d495,Casework_Pharmacy_LAM_08_05,11416.54,"14,841.50"
fd2bd49f-a0e2-4d3d-8e77-a77bc2a88140,PSL_4_Tier_01_PCS,5890.88,"7,658.14"
9311c9e1-63d0-4f67-9e37-a7898f1fd464,Casework_Break_Room_LAM_09_03,8260.62,"10,738.81"
b6b9bdae-5499-4306-a4d8-a7a79dac333e,Rotary_Cabinet_Letter_4_Cabinets_8_Tier_Shelves_PCS,12623,"16,409.90"
70de65e9-e6ca-4a18-8c07-a83929c4c6e4,SSG_Casework_Lab_LAM_08_01,9881.22,"12,845.59"
b72cd25d-0700-4985-8637-a873c1313c1d,Medical_Racks_5_Column_9H_PCS,5927.12,"7,705.26"
85d89656-646e-492c-a553-a8b713226948,Casework_Mail_Room_LAM_09_06,7777,"10,110.10"
26ec42c1-bf27-4bc0-a541-a8f081c9c921,Rotary_Cabinet_Legal_1_Cabinet_3_Tier_Shelves_PCS,"2,610.00","3,393.00"
7fa0b5e0-f640-4be3-97ec-a96f555ce685,Rotary_Cabinet_Letter_1_Cabinet_3_Tier_Shelves_PCS,2140.00,"2,782.00"
eaa35f68-75ed-4021-ad61-aa182c435c1f,Casework_Break_Room_LAM_08_01,6004.21,"7,805.47"
cb5bde3f-a284-4204-bc31-aa894a4ef100,Wire Partition - 1 Sided - Single Hinged - 19,2162.27,"2,810.95"
3fd83d61-7ec9-4713-9b78-aae336dd64d7,Rotary_Cabinet_Letter_2_Cabinets_6_Tier_Drawers_PCS,9176,"11,928.80"
9f542555-bd67-4ae1-bbdc-ab7303ab5c30,SSG_Rack_Medical_Supply_PCS_3_Column_9_High,"3,777.36","4,910.57"
cee8f1ff-4fd2-42f5-b8fb-ab9fdeb7e309,Casework_Medical_SST_08_2-Cabinet_Sides,"3,777.36","4,910.57"
2dc3d3bf-145d-4c37-a1fb-ac13ed4220d5,Casework_Pharmacy_LAM_09_08,8205.61,"10,667.29"
d98d087b-ed6e-4b31-86c4-ac57f3edad01,SSG_Casework_Lab_LAM_07_03,11567.96,"15,038.35"
cd2a68a3-5108-42f3-b2b4-ac700bcd6ab5,Wire Partition - 1 Sided - Sliding - 10,1741.86,"2,264.42"
36d7c8af-bcef-409f-ac0d-ace9ac9738a4,4_Post_Letter_3_Unit_7_Tier_PCS,1924.48,"2,501.82"
4a57af30-3f17-4500-b13d-ad1baefee6f5,Rotary_Cabinet_Letter_3_Cabinets_3_Tier_Shelves_PCS,6008,"7,810.40"
da998146-f9ba-4164-b6f9-ad2af0172289,Rotary_Cabinet_Legal_3_Cabinets_3_Tier_Drawers_PCS,10089,"13,115.70"
9dbf0638-4bbd-4e7d-b021-ad70f5cdd029,bim_marketing,10089,"13,115.70"
05f8a59f-600a-44aa-833f-ae10e891bdcd,SSG_Rack_Medical_Supply_PCS_5_Column_8_High,"5,581.57","7,256.04"
fc5a5d80-b785-47c4-b1d3-af02366ec42b,Rotary_Cabinet_Letter_1_Cabinet_4_Tier_Drawers_PCS,3634.00,"4,724.20"
26715b51-cb4f-4b5f-a91d-af9b50f7d406,Rotary_Cabinet_Legal_2_Cabinets_4_Tier_Drawers_PCS,7897,"10,266.10"
cddae865-6028-4171-9751-afc5936b527d,SSG_Casework_Lab_LAM_09_02,14062.06,"18,280.68"
ef48678a-7c26-49ca-aa16-afceb763a3d3,Medical_Racks_3_Column_8H_Wide_PCS,3490.59,"4,537.77"
96c725a4-1656-4c83-909c-b045839e8fad,Rotary_Cabinet_Letter_3_Cabinets_4_Tier_Shelves_PCS,6643,"8,635.90"
57f5d691-5667-4eb2-9cda-b0b2c8b9f285,Day_Locker_6_Tier_1224_LAM,11315.18,"14,709.73"
15e9f3e4-1fe1-48e0-ae54-b0d8915390ba,Rotary_Cabinet_Legal_2_Cabinets_7_Tier_Shelves_PCS,7298,"9,487.40"
2ac61913-acb9-40f9-9387-b104d3e8a266,Smart_Locker_122_Openings_LAM,93956.53,"122,143.49"
efed6876-c90c-4fa6-9b70-b11b997f3bd7,Casework_Pharmacy_LAM_09_10,13939.87,"18,121.83"
aa9a4e6e-3737-4f22-a095-b198854fc8f3,Medical_Racks_3_Column_7H_Wide_PCS,3293.36,"4,281.37"
b86291cf-61b0-4827-b05b-b23a81167c0b,SSG_Carousel_Vertical_Pathology_Blood_Slides_PCS_22_Levels,79353.00,"103,158.90"
775022f1-65c3-4eb5-9427-b2f161a93354,Casework_Exam_Room_LAM_10_01,7053.79,"9,169.93"
ff9d710f-2672-450f-b9bd-b2f84bfdc15b,Day_Locker_2_Tier_1224_LAM,8215.84,"10,680.59"
d0b349a2-dfcd-4d24-9aea-b2fa09e1cdfc,SSG_Carousel_Vertical_Pathology_Blood_Slides_PCS_13_Levels,58200.00,"75,660.00"
eb26b8e1-4769-464a-9445-b30b17b79f76,Casework_Pharmacy_LAM_09_04,10440.04,"13,572.05"
6d437870-bdfd-4c08-9232-b314f466f18e,SSG_Carousel_Vertical_Pathology_Blood_Slides_PCS_20_Levels,74900.00,"97,370.00"
e3db13f6-3bff-4df1-b335-b3861c5762d2,Rotary_Cabinet_Legal_2_Cabinets_6_Tier_Shelves_PCS,6380,"8,294.00"
0db15d33-efee-4482-aac3-b4236757f223,SSG_Casework_Lab_LAM_07_06,5369.89,"6,980.86"
a18cd84e-a119-4dde-bd53-b42b04c514ca,SSG_Casework_Lab_LAM_07_02,18276.01,"23,758.81"
23278bad-b68e-41c6-950f-b598f098d41d,Casework_Pharmacy_LAM_07_04,5297.91,"6,887.28"
5968a002-24a4-40ce-9f90-b5995d6117f5,Casework_Exam_Room_LAM_08_01,7294.28,"9,482.56"
3e59fc91-7917-47ca-bd3f-b662bd33261f,SSG_Rack_Medical_Supply_PCS_2_Column_8_High_Wide,"2,517.51","3,272.76"
679317b3-93f6-42e3-b992-b67d6e5d6cda,PSL_3_Tier_01_PCS,5816.7,"7,561.71"
1e4fec10-d306-49fc-b896-b71147b916ab,Casework_Break_Room_LAM_06_01,5614.76,"7,299.19"
c302a7a4-e1b2-42b1-bd37-b859e4bbab7e,SSG_Rack_Medical_Supply_PCS_5_Column_7_High,"5,236.02","6,806.83"
c4ebc007-7607-4c7a-bb86-b8d4891b26a1,Casework_Pharmacy_LAM_08_02,6503.68,"8,454.78"
1ea63000-19e7-4558-865d-b9303ad25ede,Casework_Mail_Room_LAM_09_03,9837.56,"12,788.83"
607610f8-d6e3-447c-a9e8-b9c2fea43db4,Medical_Racks_4_Column_7H_PCS,4301.43,"5,591.86"
f4a69abf-9761-488b-8ccd-b9dbd02aaac5,Casework_Break_Room_LAM_10_02,6413.1,"8,337.03"
8a6723ae-667c-4959-b5f4-ba75c8bf25c4,Rotary_Cabinet_Legal_2_Cabinets_7_Tier_Drawers_PCS,11967,"15,557.10"
1a992d6f-4ac9-4c64-93c4-bacc330b800b,Casework_Exam_Room_LAM_08_03,7290.95,"9,478.24"
5d30d5da-e3e9-4b4b-a1df-bad304723878,Evidence_Lockers_5_Columns_24_Openings_PCS,23154.16,"30,100.41"
0f48a1da-b272-4405-8936-bade847b363c,Vertical_Carousel_Blood_Slides_21_Carriers_PCS,75349.18,"97,953.93"
b82878b6-7ebb-4ce0-b1e0-bb43375f64ca,Casework_Break_Room_LAM_07_01,5615,"7,299.50"
1d91de19-46b4-42a3-8c74-bb6f1ab0b21c,Casework_Mail_Room_LAM_09_05,6500,"8,450.00"
c3aeaa75-fb26-4a6f-b857-bdd16935ec19,Casework_Mail_Room_LAM_Corner_01,6500,"8,450.00"
962575b0-3680-4f57-adea-c0060b47819e,4_Post_Legal_7_Tier_PCS,859.03,"1,116.74"
ea5bb404-faf6-439a-9cf5-c0061170aa13,Rotary_Cabinet_Letter_2_Cabinets_4_Tier_Shelves_PCS,4515,"5,869.50"
922ad0b7-9946-48fd-8012-c029c7743ae4,Casework_Exam_Room_LAM_09_03,9002.2,"11,702.86"
7e2ff37b-1092-4fc3-a0fa-c0ab4ce3eef1,Day_Locker_Z_Tier_1224_LAM,9437.66,"12,268.96"
887bfc31-c066-4b1a-921d-c0b9d3cdcb09,Vertical_Carousel_Blood_Slides_14_Carriers_PCS,58938.52,"76,620.08"
0c1d5a5b-b790-4c37-89c8-c22481403d6b,Casework_Exam_Room_LAM_06_01,5345.84,"6,949.59"
0b5e074f-26da-414a-9753-c2978da001f4,PSL_Door_Drawer_01_PCS,7876.61,"10,239.59"
a91809a4-bc5b-40e7-a02f-c2d91248ef7a,4_Post_Legal_7_Tier_Double_Sided_PCS,1058.04,"1,375.45"
1f895cf4-980d-4db0-b606-c2ee94e215ff,4_Post_Legal_2_Unit_7_Tier_PCS,1448.09,"1,882.52"
c9b03119-e944-4e73-aa75-c3576d41d810,Evidence_Lockers_5_Columns_42_Openings_PCS,36547.56,"47,511.83"
bcf07948-ff2a-4d5c-9a0c-c37d137e369c,Day_Locker_6_Tier_1818_LAM,11388.49,"14,805.04"
252293f2-cf5c-4d1f-8fcc-c38a7d0bcd74,Evidence_Lockers_4_Columns_22_Openings_PCS,19640.06,"25,532.08"
bf14160c-17c4-4663-bf36-c38f8169bdfa,Rotary_Cabinet_Legal_3_Cabinets_7_Tier_Shelves_PCS,10804,"14,045.20"
c33ca43c-1554-4fb7-95b3-c47cd923e46d,Smart_Lockers_54_Openings_PCS,33660.32,"43,758.42"
11f311c2-004f-488c-8130-c4c9d675e68b,SSG_Casework_Lab_LAM_09_04,15056.01,"19,572.81"
757d80aa-5c54-41e2-aa2b-c52fc534b9b3,Casework_Mail_Room_LAM_07_04,6670,"8,671.00"
9b1b62c6-9ad6-4510-8c52-c5405fcc1de3,Rotary_Cabinet_Legal_3_Cabinets_6_Tier_Drawers_PCS,15350,"19,955.00"
3be0d2cb-eb5c-4720-9753-c5b20ff1c1e2,Casework_Exam_Room_LAM_09_02,7086.34,"9,212.24"
36833f40-a0d6-4c92-b569-c5e68cb62eac,Evidence_Lockers_4_Columns_24_Openings_PCS,22929.46,"29,808.30"
a0f481d7-fe9e-44b5-a517-c6e8ed145f41,Wire Partition - 1 Sided - Single Hinged - 24,2432.27,"3,161.95"
79de2089-a4e8-4983-9a6f-c754c52c8527,4_Post_Garment_2_Unit_84W24D88,1059,"1,376.70"
f99598b4-ae7e-4196-ba70-c83a8c50bbd0,Casework_Mail_Room_LAM_08_05,5451,"7,086.30"
a4ca2516-6100-4eed-a835-c8b01b21d259,Casework_Mail_Room_LAM_09_04,10014,"13,018.20"
b3799c03-5411-4e3a-ac89-c8ccfa8b0430,Casework_Pharmacy_LAM_09_06,9054.76,"11,771.19"
a81edd98-e162-4257-ba00-c99e1e4cb7d9,Vertical_Carousel_Blood_Slides_19_Carriers_PCS,70524.59,"91,681.97"
387fe3f0-73a4-41c6-9874-c9a753f759fb,Casework_Pharmacy_LAM_07_07,7279.38,"9,463.19"
6cfab017-9b92-473e-a53a-ca2ce3ba6b99,4_Post_Letter_7_Tier_PCS,816.83,"1,061.88"
2aba18ec-011a-4ca6-8061-ca9bf8510140,SSG_Rack_Medical_Supply_PCS_2_Column_7_High_Wide,"2,386.02","3,101.83"
9795f45b-7c48-41fe-a880-cb8f79fc41a7,Casework_General_LAM_05_03,"2,386.02","3,101.83"
fefeda29-2dc1-4d34-8da2-cc190db466b8,Rotary_Cabinet_Legal_2_Cabinets_5_Tier_Drawers_PCS,9061,"11,779.30"
39d026de-f90e-4726-936b-cc23f70e3a8f,SSG_Carousel_Vertical_Pathology_Blood_Slides_PCS_21_Levels,76900.00,"99,970.00"
073b9ff5-540f-4530-bcff-cc72261bc4d8,Casework_Break_Room_LAM_09_04,7253.95,"9,430.14"
ccf26a22-60ea-4566-95db-cdafbef3352b,Casework_Medical_SST_09_2-Cabinet_Left,7253.95,"9,430.14"
259de41f-5c58-4c81-b63c-ce676f6e7231,Bed_Lift_Stretcher_5_Position_PCS,26109.54,"33,942.40"
047a92b9-c930-4b3e-b031-ced0d2cac0e5,Wire Partition - 3 Sided - Sliding - 40,3633.87,"4,724.03"
04899a5a-9964-4162-8d76-cf77c6ff6ea8,Casework_Break_Room_LAM_08_04,5601.53,"7,281.99"
ece389fb-306f-4cc2-af02-d0c32b92ff4e,Casework_Exam_Room_LAM_05_02,4656.89,"6,053.96"
7fa25126-4107-4696-869b-d0e449e8b68e,Smart_Lockers_80_Openings_PCS,50041.08,"65,053.40"
504cb48e-05b2-4c37-b37e-d115af971ce1,SSG_Casework_Lab_LAM_07_05,8898.25,"11,567.73"
3d9d83ae-db70-4023-89ab-d180f7c0876c,SSG_Casework_Lab_LAM_09_03,15650.56,"20,345.73"
36552f05-8516-4403-a5fb-d1e2c3652419,Rotary_Cabinet_Letter_4_Cabinets_4_Tier_Shelves_PCS,8771,"11,402.30"
989a45e1-a48d-47f7-8538-d29a97d013ab,Wire Partition - 2 Sided - Sliding - 45,3947.15,"5,131.30"
719c1e5f-7455-4e54-a1c3-d2b14fc06d03,Rotary_Cabinet_Letter_3_Cabinets_4_Tier_Drawers_PCS,10400,"13,520.00"
7d401b16-0771-4acd-abfc-d2c35324f135,SSG_Casework_Lab_LAM_05_03,6333.18,"8,233.13"
3f30da2f-6acf-4a93-9365-d2c9ccef6b60,Rotary_Cabinet_Legal_4_Cabinets_4_Tier_Shelves_PCS,10176,"13,228.80"
55d07eab-5d86-4fd7-b089-d3907ebd9bba,4_Post_Binder_3_Unit_5_Tier_PCS,1761.7,"2,290.21"
312bb48d-d2cb-47e5-b840-d3e9058f6b48,SSG_Carousel_Vertical_Pathology_Blood_Slides_PCS_18_Levels,68300.00,"88,790.00"
5a9e1e5a-fd3b-4faf-876a-d4de11b9d26e,Casework_Pharmacy_LAM_08_03,10645.09,"13,838.62"
285b1e03-4935-4519-8076-d500e6b1e87c,4_Post_Binder_2_Unit_5_Tier_Double_Sided_PCS,1476.83,"1,919.88"
6105daa9-f928-46c8-ae3c-d6fc67c9f3e4,Bed_Lift_Heavy_Duty_3_Position_PCS,20979,"27,272.70"
2c9287d6-e392-4b0d-868c-d70d099f4891,Casework_Mail_Room_LAM_09_09,2810,"3,653.00"
224cacf4-e368-4d6d-baf3-d7179865c293,Evidence_Lockers_5_Columns_41_Openings_PCS,36026.26,"46,834.14"
9cae13c9-ae43-489c-ac98-d7367857344d,Casework_Copy_Room_LAM_09_02,0,0.00
3ff43d84-d4da-4bf0-9a6e-d77536f250a6,Casework_Pharmacy_LAM_09_02,11916.34,"15,491.24"
d5493e76-3c36-4148-af14-d7d2d2b2672e,Smart_Lockers_72_Openings_PCS,44345.59,"57,649.27"
280fa1b1-f30e-42ad-97e1-d7e089e0225a,Casework_Exam_Room_LAM_08_06,7090.04,"9,217.05"
d454e41e-a1af-4018-a189-d8452e02c876,SSG_Casework_Lab_LAM_06_05,7559.47,"9,827.31"
982ee661-6b58-447d-90f1-d9234f99ebfa,SSG_Rack_Medical_Supply_PCS_2_Column_7_High,"2,432.25","3,161.93"
1ab8a36d-c691-4185-813b-da2976356397,Casework_Pharmacy_LAM_08_04,8883.52,"11,548.58"
05fc2152-12c8-4bcd-b4d1-da8d1d566e2b,Rotary_Cabinet_Legal_3_Cabinets_6_Tier_Shelves_PCS,6414,"8,338.20"
a370a5b1-3692-466d-bb23-dad73ce789d1,Medical_Racks_4_Column_9H_PCS,4854.31,"6,310.60"
8c41c7b6-f1af-4848-9ee3-dada30034421,Casework_Break_Room_LAM_07_05,6008.41,"7,810.93"
63b4e5c6-8240-4e4f-9c17-db31c2969358,Bed_Lift_Standard_4_Position_PCS,23733,"30,852.90"
c56fd834-e595-4f48-8666-db9992f38365,Casework_Medical_SST_10_1-Cabinet_Left_Sink,23733,"30,852.90"
7ad89b37-1811-48b9-a3de-dd61dd0963b9,4_Post_Box_2_Unit_6_Tier_Double_Sided_PCS,1778.78,"2,312.41"
33151799-1f26-49dc-8c8b-dd693fd478d8,Casework_Pharmacy_LAM_10_02,12099.79,"15,729.73"
bc256b1e-0bd7-47a5-98b7-dd6c6ff44152,Casework_Medical_SST_05_Right,12099.79,"15,729.73"
c2fd071d-da3c-4e92-98ca-deb88b412663,Day_Locker_Z_Tier_1824_LAM,9865.29,"12,824.88"
701e9241-f01b-437a-bda1-df681c468945,Casework_Copy_Room_LAM_07_01,0,0.00
7ecd7f9d-fbfb-4a1d-9e7c-dfee0597e948,PSL_Bench_Top_03_PCS,11499.71,"14,949.62"
15b62850-669e-43da-8345-e001f29c6feb,Casework_Pharmacy_LAM_07_05,12065.58,"15,685.25"
0c98296a-66a1-48dd-9efc-e0423a1c658a,Wire Partition - 3 Sided - Single Hinged - 29,2734.73,"3,555.15"
2251d476-de4a-4809-8fb6-e0b9aa3bf552,Bed_Lift_Side_Load_3_Position_PCS,28646.46,"37,240.40"
72b270cf-2624-4800-b38a-e13c72a20ae6,PSL_Combo_04_PCS,12806.75,"16,648.78"
014a14a6-d90b-45f8-b9be-e16e72cf00c5,Casework_Mail_Room_LAM_09_08,8908,"11,580.40"
423466cb-f558-4865-aa7c-e299272dd052,Rotary_Cabinet_Legal_1_Cabinet_3_Tier_Drawers_PCS,"3,565.00","4,634.50"
411fd369-2830-4467-8dd6-e328dde0fdf1,Casework_Mail_Room_LAM_Corner_03,"3,565.00","4,634.50"
ba65bbf6-0295-4d2d-b44b-e3cae8375625,Casework_Mail_Room_LAM_10_03,4764.7,"6,194.11"
30ff72b9-f10f-46b4-9479-e40782e08044,Smart_Locker_68_Openings_LAM,62738.68,"81,560.28"
b79f3d23-76c5-4301-b9cc-e4098d0f767a,Casework_Medical_SST_07_Left,62738.68,"81,560.28"
d2493578-532c-49a5-b7fa-e4db2727c55f,Medical_Racks_2_Column_9H_Wide_PCS,2649,"3,443.70"
2895afa6-8fff-4f26-8ac5-e4fb96f12302,Casework_Break_Room_LAM_08_02,6829.19,"8,877.95"
630b242b-1a3a-4f5b-84be-e524e5d06800,Casework_Pharmacy_LAM_09_05,9840.64,"12,792.83"
4b4cf292-cdca-4bba-a142-e622a1559d97,Smart_Lockers_30_Openings_PCS,26434.56,"34,364.93"
8a6510ab-fac2-4575-bbaf-e62f78a1f0d2,Medical_Racks_1_Column_8H_Wide_PCS,1540.29,"2,002.38"
8e9ec88c-7184-4b1b-9721-e672a13fc7ba,SSG_Casework_General_SST_06_Door,"8,860.29","11,518.38"
4f59073e-c26f-4675-9fb7-e6f2c7eb479f,SSG_Casework_Lab_LAM_06_03,8521.85,"11,078.41"
efe9ac41-05ed-47a0-8fea-e89a6234724d,Wire Partition - 4 Sided - Single Hinged(8) - 10X10,3500.51,"4,550.66"
db9704a6-4093-48df-a0d0-e89f9cdcbf4d,SSG_Rack_Medical_Supply_PCS_1_Column_7_High,"1,723.84","2,240.99"
e8bec975-aac6-4391-a241-e99ad9b2ddfb,Rotary_Cabinet_Letter_2_Cabinets_3_Tier_Shelves_PCS,4074,"5,296.20"
6ac29d7f-4fc3-440a-8c43-e9e418f0b96e,SSG_Rack_Medical_Supply_PCS_2_Column_9_High_Wide,"2,649.00","3,443.70"
3c0adb15-eccf-416e-91d9-ea250b8f91b9,Rotary_Cabinet_Legal_3_Cabinets_3_Tier_Shelves_PCS,7160,"9,308.00"
14ebd93c-84b7-475a-a62f-eaa876235e72,Rotary_Cabinet_Legal_4_Cabinets_8_Tier_Shelves_PCS,15543,"20,205.90"
9cda578e-a32d-4d67-a48f-eb4f6dc501ca,Rotary_Cabinet_Legal_2_Cabinets_3_Tier_Shelves_PCS,4885,"6,350.50"
d4cb8879-b6c2-40d0-9296-eb63092acdde,Casework_Exam_Room_LAM_10_04,6855.1,"8,911.63"
6dd4d811-6360-4b46-b904-eb69c552ed7b,Rotary_Cabinet_Letter_3_Cabinets_3_Tier_Drawers_PCS,8723,"11,339.90"
9e0a16ba-b670-439b-8d31-eb74934ac207,Rotary_Cabinet_Legal_2_Cabinets_3_Tier_Drawers_PCS,3827,"4,975.10"
a99ce8d4-af9e-43ea-a85e-ec40aebc8c0a,Wire Partition - 2 Sided - Sliding - 25,2820.47,"3,666.61"
d78f64c0-de45-429a-ade4-ecb55f37bb76,Day_Locker_3_Tier_1224_LAM,8990.68,"11,687.88"
52edd52e-65e3-454f-908c-ecdf31652c8d,SSG_Casework_Lab_LAM_05_04,12219.78,"15,885.71"
84f89c9e-53f9-4c3b-ac82-ecee3dc90910,Rotary_Cabinet_Legal_2_Cabinets_5_Tier_Shelves_PCS,5771,"7,502.30"
9ecc57b2-5ae9-4e52-b89c-ed366a48b3da,SSG_Casework_Lab_LAM_05_05,6467.65,"8,407.94"
40ec1fc1-bc3d-4d95-a642-ed8f265c2e38,Evidence_Lockers_6_Columns_47_Openings_PCS,42674.17,"55,476.42"
dd19f42d-1617-4ae4-8d72-eddc67b36234,Rotary_Cabinet_Legal_4_Cabinets_5_Tier_Shelves_PCS,11265,"14,644.50"
d9440175-9c75-4264-a164-ee0a6737ff64,PSL_Door_Drawer_02_PCS,6180.85,"8,035.11"
8d6a4fbc-bf3e-4397-9c3e-ee820ed10144,Casework_Medical_SST_05_Left,6180.85,"8,035.11"
cdccf4cf-66c9-4972-8d14-f0138d90e48a,SSG_Carousel_Vertical_Pathology_Blood_Slides_PCS_16_Levels,64300.00,"83,590.00"
dd817809-55c2-4f33-a6c3-f0e2722e72a7,Bed_Lift_Stretcher_4_Position_PCS,22383.54,"29,098.60"
4fdaefb3-0101-4a03-bc67-f1335f96bb73,Casework_Pharmacy_LAM_08_06,6511.04,"8,464.35"
3cd60d54-c754-4cb1-b50f-f1c6f0917c2b,Casework_Break_Room_LAM_08_03,6323.43,"8,220.46"
2598c918-34d8-40cb-9783-f1f437a8cbb9,SSG_Casework_Lab_LAM_10_05,13316.93,"17,312.01"
2e07b159-4f59-425a-b080-f2254dbfd316,Casework_Break_Room_LAM_07_04,5361.02,"6,969.33"
967dc06e-0954-4dae-bf4b-f2afce10778d,PSL_Combo_02_PCS,10341.55,"13,444.01"
bfe0438c-78c5-4f3e-999a-f3f6979ff3c8,SSG_Carousel_Vertical_Pathology_Blood_Slides_PCS_17_Levels,66300.00,"86,190.00"
f4dab063-a53c-4a7c-920f-f4238922d0b9,Vertical_Carousel_Blood_Slides_17_Carriers_PCS,64997.54,"84,496.80"
a5e76f96-767c-4ca7-b053-f4d28540e792,Casework_Pharmacy_LAM_07_02,7903.08,"10,274.00"
2ee53d13-4ed2-40b0-ab37-f582191e0fb3,Casework_Exam_Room_LAM_09_05,7527.01,"9,785.11"
d022df1e-dd67-42ec-80ac-f5f0919fb4ad,SSG_Casework_Lab_LAM_10_02,14273.45,"18,555.49"
2d5229b4-f7e9-4c65-9266-f620f2c3ad53,Evidence_Lockers_3_Columns_28_Openings_PCS,28539.9,"37,101.87"
147481a9-2004-4344-9080-f69801e9ca7a,Rotary_Cabinet_Letter_1_Cabinet_8_Tier_Drawers_PCS,6058.00,"7,875.40"
7aa8209e-6f21-40bd-b6f2-f6b0c27ea445,Casework_Pharmacy_LAM_07_03,7154.94,"9,301.42"
360a8cc2-4a76-495f-82c6-f73e5a6b8d64,Casework_Break_Room_LAM_09_02,7381.6,"9,596.08"
73926552-fb97-4d24-895b-f82090534784,Rotary_Cabinet_Letter_3_Cabinets_8_Tier_Shelves_PCS,9560,"12,428.00"
cc2109e0-142e-4018-8cd3-f847871448b2,Casework_Medical_SST_06_Right,9560,"12,428.00"
83bf9d6d-b3f1-4d6f-9ad0-f8a824344474,SSG_Rack_Medical_Supply_PCS_2_Column_9_High,"2,708.68","3,521.28"
48ab975e-1d2d-4ad2-b315-f8eeb8e3d692,Wire Partition - 2 Sided - Single Hinged - 34,3074.55,"3,996.92"
c46317dd-2017-4b01-a5fa-f9d2ed424550,Casework_Medical_SST_10_2-Cabinet_Left,3074.55,"3,996.92"
2b24e26e-9712-4820-bcb5-f9e48aa3a9d3,SSG_Casework_Lab_LAM_05_02,8278.68,"10,762.28"
e8e0d65c-ec37-4c07-b744-fab917c9b4e1,SSG_Rack_Medical_Supply_PCS_3_Column_9_High_Wide,"3,687.82","4,794.17"
e3645696-8cca-4489-8832-fb69d2dae76b,SSG_Rack_Medical_Supply_PCS_3_Column_8_High,"3,570.03","4,641.04"
444e5f2d-a32a-4289-af15-fb8029aa7dbb,Casework_Break_Room_LAM_09_07,5925.65,"7,703.34"
be6f24d4-5139-4bf5-b12d-fc5a313a0beb,Casework_Mail_Room_LAM_09_10,8253,"10,728.90"
2a3ecefc-d233-44a1-a4db-fc8c2e6b0085,Rotary_Cabinet_Letter_1_Cabinet_8_Tier_Shelves_PCS,3434.00,"4,464.20"
f7aba278-a602-4f47-87fe-fd41b25cc982,Day_Locker_3_Tier_1824_LAM,9418.31,"12,243.80"
bd7c38b8-4316-4177-a1c2-fe0bd5bff6c4,PSL_Bench_Top_04_PCS,15411.5,"20,034.95"
bb8b8500-4ac4-4298-9d0b-fe61bae1053d,Rotary_Cabinet_Letter_4_Cabinets_3_Tier_Shelves_PCS,7942,"10,324.60"
e19715cb-4ce2-4d8e-8090-fe9fcae03d16,Medical_Racks_1_Column_7H_Wide_PCS,1474.54,"1,916.90"
430b9c40-9036-4aa5-bc43-fec76efe98df,Casework_Mail_Room_LAM_06_01,4272,"5,553.60"
