1,BIM Library/Product Types/Casework
2,BIM Library/Product Types/Lockers
4,BIM Library/Product Types/Shelving
5,BIM Library/Product Types/Lockers
8,BIM Library/Product Types/Casework
9,BIM Library/Product Types/Lockers
10,BIM Library/Product Types/Lockers
11,BIM Library/Product Types/Lockers
13,BIM Library/Product Types/Casework
17,BIM Library/Product Types/Casework
19,BIM Library/Product Types/Casework
28,BIM Library/Product Types/Retrieval Systems
29,BIM Library/Product Types/Lockers
30,BIM Library/Product Types/Lockers
31,BIM Library/Product Types/Lockers
33,BIM Library/Product Types/Workstations
34,BIM Library/Product Types/Lockers
36,BIM Library/Product Types/Workstations
38,BIM Library/Product Types/Shelving
46,BIM Library/Product Types/Shelving
49,BIM Library/Product Types/Retrieval Systems
50,BIM Library/Product Types/Casework
51,BIM Library/Product Types/Lockers
52,BIM Library/Product Types/Lockers
53,BIM Library/Product Types/Lockers
54,BIM Library/Product Types/Shelving
55,BIM Library/Product Types/Lockers
56,BIM Library/Product Types/Shelving
62,BIM Library/Product Types/Shelving
63,BIM Library/Product Types/Shelving
64,BIM Library/Product Types/Lockers
65,BIM Library/Product Types/Casework
68,BIM Library/Product Types/Lockers
70,BIM Library/Product Types/Lockers
72,BIM Library/Product Types/Lockers
74,BIM Library/Product Types/Shelving
77,BIM Library/Product Types/Retrieval Systems
78,BIM Library/Product Types/Shelving
79,BIM Library/Product Types/Workstations
80,BIM Library/Product Types/Shelving
91,BIM Library/Product Types/Workstations
92,BIM Library/Product Types/Workstations
93,BIM Library/Product Types/Shelving
98,BIM Library/Product Types/Shelving
104,"BIM Library/Product Types/Casework, BIM Library/Product Types/Lockers"
106,BIM Library/Product Types/Lockers
107,BIM Library/Product Types/Shelving
109,BIM Library/Product Types/Shelving
110,BIM Library/Product Types/Casework
111,BIM Library/Product Types/Casework
112,BIM Library/Product Types/Casework
113,BIM Library/Product Types/Casework
114,BIM Library/Product Types/Casework
115,BIM Library/Product Types/Casework
116,BIM Library/Product Types/Casework
117,BIM Library/Product Types/Casework
118,BIM Library/Product Types/Retrieval Systems
120,BIM Library/Product Types/Retrieval Systems
121,BIM Library/Product Types/Lockers
122,BIM Library/Product Types/Shelving
124,BIM Library/Product Types/Workstations
128,BIM Library/Product Types/Retrieval Systems
129,"BIM Library/Product Types/Shelving, BIM Library/Product Types/Casework"
131,BIM Library/Product Types/Casework
136,BIM Library/Product Types/Casework
137,BIM Library/Product Types/Lockers
138,BIM Library/Product Types/Casework
139,BIM Library/Product Types/Shelving
